circulant_residual,locality,row_sum,row_sum_sd,coef_-1,coef_+0,coef_+1,stencil_rel_error,stencil_corr,pde,r,seed,input_step,r2_linearity,jacobian_spread
0.0005040163800482539,0.9799389243125916,0.9737336039543152,0.0004123399849049747,0.00012504543701652437,0.9908968210220337,0.00012266788689885288,0.29232987380258374,0.9849571205275937,heat,0.1,100,0,0.9999968275165647,0.00285078352317214
0.000579405159701563,0.986357569694519,0.9887802600860596,9.218945342581719e-05,-0.0002888429444283247,0.9936724901199341,-0.00028349627973511815,0.2954919527473605,0.9848042357732264,heat,0.1,101,0,0.9999995774451274,0.0011513520730659366
0.0005335603678999081,0.9817277193069458,0.9761154651641846,0.0001872282737167552,-0.000197637767996639,0.9925949573516846,-0.00018987231305800378,0.29433659897391434,0.9848743365204945,heat,0.1,102,0,0.9999998336756207,0.0020342532079666853
0.00042996172185780164,0.9844690561294556,0.9854176044464111,0.00043603646918199956,0.00014264287892729044,0.9911488890647888,0.00014119451225269586,0.29255009029100426,0.9849156764504422,heat,0.1,103,0,0.9999952938052327,0.006860862951725721
0.0003361101282653295,0.9900634288787842,0.9896404147148132,0.00010136763739865273,-1.6850652173161507e-05,0.9935821890830994,-1.6937858163146302e-05,0.2951199267928415,0.9848695848060913,heat,0.1,104,0,0.9999994664345321,0.0013144939439371228
0.00036994586144060857,0.9822654724121094,0.9769216775894165,6.808720354456455e-05,-8.853348845150322e-06,0.9917371273040771,-8.144801540765911e-06,0.2932917946965116,0.9849148605527658,heat,0.1,105,0,0.9999955168739473,0.0014586569741368294
0.0006065218182385931,0.974677324295044,0.9655293226242065,0.0006552318809553981,-0.00012515649723354727,0.99041348695755,-0.00012084724585292861,0.29212351375437123,0.9849252420241593,heat,0.1,106,0,0.9999982361129391,0.00748523510992527
0.0006607771966378941,0.9843224883079529,0.9890877604484558,0.00023696791322436184,-0.00010643660061759874,0.9916639924049377,-0.00010218725219601765,0.29331893183192215,0.9848395891692455,heat,0.1,107,0,0.9999996872514472,0.0030622510239481926
0.0005601402215513606,0.9670581221580505,0.9558278918266296,0.0010501635260879993,-5.991070065647364e-05,0.989666223526001,-6.246453995117918e-05,0.2913430892036665,0.9849770706812372,heat,0.1,108,0,0.9999933767365098,0.009485837072134018
0.000327828446116244,0.9880329966545105,0.9862673878669739,0.00021771664614789188,5.112171493237838e-05,0.992924690246582,4.9805799790192395e-05,0.29439843596483356,0.9848975779364603,heat,0.1,109,0,0.999992437398824,0.004951785784214735
0.0005529114674033097,0.987073540687561,0.9914005994796753,0.00016397137369494885,-0.00012241424701642245,0.9932184219360352,-0.00012820251868106425,0.2948756142024218,0.9848324385081647,heat,0.1,110,0,0.9999998330536927,0.002453198889270425
0.0003572480845313025,0.9860279560089111,0.9857091307640076,0.00022179997176863253,5.555702591664158e-05,0.9921444654464722,5.670296377502382e-05,0.29362148695618673,0.9848975273896765,heat,0.1,111,0,0.9999999050220316,0.0023136127274483442
0.00048401754622417244,0.9845703840255737,0.9850778579711914,0.00023707404034212232,3.988052412751131e-05,0.9915362000465393,4.7659756091888994e-05,0.29303505160002824,0.9848938171046997,heat,0.1,112,0,0.9999986580410872,0.004638069774955511
0.0003549534446689906,0.9855180382728577,0.9832462072372437,0.00031735081574879587,-1.2910697478218935e-05,0.9922605156898499,-1.2778315067407675e-05,0.2938088111900247,0.9848905315455384,heat,0.1,113,0,0.9999984748135271,0.00597072159871459
0.0004713619625335185,0.9668700098991394,0.9565743207931519,0.000552827725186944,-0.0002975176612380892,0.9911531209945679,-0.00029885786352679133,0.29305657066751045,0.9849203414385108,heat,0.1,114,0,0.9999950228573142,0.005858417600393295
0.0005787154159586567,0.9746924638748169,0.9654784202575684,0.0006357269012369215,3.1073548598214984e-05,0.9898723363876343,3.1410978408530354e-05,0.2914299893166677,0.9849620290557802,heat,0.1,115,0,0.9999639226216002,0.006612194702029228
0.0005448763044690832,0.9702169299125671,0.9603238105773926,0.000265992886852473,-0.00026521258405409753,0.9913022518157959,-0.0002666570071596652,0.29316033537242675,0.9849141550003658,heat,0.1,116,0,0.9999951677966569,0.004815136082470417
0.0004685668357292778,0.9761200547218323,0.9668881297111511,0.000529192911926657,1.566781065776013e-05,0.9910404086112976,1.5614228686899878e-05,0.29259411720311496,0.9849581431385783,heat,0.1,117,0,0.9999963588116056,0.005033181514590979
0.000383509403019605,0.9834305047988892,0.981909990310669,0.00034651040914468467,1.405082548444625e-05,0.9916231036186218,1.56490714289248e-05,0.2931521660451436,0.9848997714406859,heat,0.1,118,0,0.9999975966854158,0.005166296847164631
0.0004223844838192923,0.9824848175048828,0.9805560111999512,0.00016826637147460133,0.0003159523766953498,0.9902920126914978,0.0003202306106686592,0.29152245616720845,0.9849764044029116,heat,0.1,119,0,0.9999977065884323,0.00439610006287694
0.000797525160709977,0.9711645841598511,0.959147572517395,0.00046316251973621547,-0.00041673326632007957,0.9869334101676941,-0.0004142441612202674,0.9832428531161305,0.8144001561378242,heat,0.25,100,0,0.9998632053201032,0.0020779420156031847
0.0008646216910108935,0.9724334478378296,0.969671368598938,0.00021102851314935833,-0.0004213017818983644,0.9854434132575989,-0.00042699152254499495,0.9812849771767529,0.8142275601266245,heat,0.25,101,0,0.9999993339183437,0.001312081702053547
0.0007845029993423486,0.9461710453033447,0.9291157722473145,0.0005695120198652148,-0.0006287639844231308,0.9865723848342896,-0.0006289713201113045,0.9831092777800677,0.8146196758932097,heat,0.25,102,0,0.9999997483196447,0.00227563944645226
0.0010375408479728835,0.960178554058075,0.9455844163894653,0.0012922260211780667,-0.0005849600420333445,0.9839762449264526,-0.0005854663904756308,0.9795986939690394,0.8143956454082779,heat,0.25,103,0,0.9999085761530042,0.01880423165857792
0.0006344007263604355,0.9714754223823547,0.9591327905654907,0.0003201404761057347,-0.0002619804290588945,0.987989068031311,-0.00026070213061757386,0.9844292447815759,0.8145459350246376,heat,0.25,104,0,0.9999997330374389,0.0016555418260395527
0.000526801800668314,0.9625115990638733,0.947700023651123,0.00011972130596404895,-0.00030134274857118726,0.9867571592330933,-0.00029949459712952375,0.9828684957147502,0.8146509928002732,heat,0.25,105,0,0.9998700868385637,0.004066458437591791
0.0010087576511642914,0.9437605142593384,0.9216583967208862,0.0014594177482649684,-0.0003142146160826087,0.9807722568511963,-0.00031694816425442696,0.9750616685877801,0.8149069395877496,heat,0.25,106,0,0.999970891147606,0.022020723670721054
0.0008882109665371717,0.9785059690475464,0.969101071357727,0.0009346373844891787,-0.0001502987724961713,0.9867830872535706,-0.00014378099876921624,0.9826700530750802,0.8144922719392741,heat,0.25,107,0,0.9999819479150883,0.008789898827672005
0.0010566494953529245,0.9537521004676819,0.933861494064331,0.0015190917765721679,-0.0002390879817539826,0.9812697768211365,-0.00024395740183535963,0.9755877465985408,0.8148111011407877,heat,0.25,108,0,0.9999849177970302,0.02417067438364029
0.0008913142900463188,0.9663249254226685,0.9523957967758179,0.000741495459806174,-0.0003716738137882203,0.9862887859344482,-0.0003818653058260679,0.982348765631769,0.8145152711727188,heat,0.25,109,0,0.9999353733795161,0.01507959421724081
0.0009204490784307869,0.9803729057312012,0.9862653017044067,0.00020145521557424217,-0.0007082383963279426,0.9889310002326965,-0.0007055005407892168,0.986269997969505,0.8138104998088654,heat,0.25,110,0,0.9999999310929594,0.0027483657468110323
0.0008164172283050827,0.9608795046806335,0.9462393522262573,0.00023037250502966344,-0.0004051446740049869,0.9872820377349854,-0.0004090135043952614,0.98371005271669,0.8145868254934966,heat,0.25,111,0,0.9999999052242458,0.006939436309039593
0.0009147671833112616,0.9505967497825623,0.9317304491996765,0.0006135099101811647,-0.0008187709609046578,0.9842453598976135,-0.0008100130362436175,0.9802936492358006,0.8143910985322655,heat,0.25,112,0,0.9999943213756712,0.014086331240832806
0.0009263721532923904,0.9685781002044678,0.9627295136451721,0.0006809134501963854,-0.000581444357521832,0.9850659370422363,-0.0005837363423779607,0.9810102207760732,0.8141804944927763,heat,0.25,113,0,0.9999975261059054,0.010851103812456131
0.0007753882045549757,0.9561115503311157,0.9400984048843384,0.0012321533868089318,-0.0007004288490861654,0.9868689179420471,-0.0007053492008708417,0.983579219752731,0.8144115868057848,heat,0.25,114,0,0.9999315776568747,0.017199067398905754
0.0008623027619568349,0.9600796699523926,0.9428028464317322,0.0016125559341162443,-0.00040560279740020633,0.9839476943016052,-0.000395737006329,0.979311962466318,0.8145913406027271,heat,0.25,115,0,0.998951459688863,0.021571820601820946
0.0009348804827101259,0.9622606635093689,0.9462850093841553,0.00045324713573791087,-0.00028980919159948826,0.984807550907135,-0.00029196462128311396,0.980288135150851,0.8146503989311852,heat,0.25,116,0,0.999920488828765,0.009162032045423985
0.000808539712420501,0.9547274708747864,0.9376564025878906,0.0006489527295343578,-0.0005233589326962829,0.9854815006256104,-0.0005210734088905156,0.9815070774946801,0.8145793957106956,heat,0.25,117,0,0.9999133308498558,0.008989275433123112
0.0009921433828852019,0.9580869078636169,0.9418483972549438,0.000694452493917197,-0.0007620168034918606,0.984596848487854,-0.0007646642625331879,0.980664131256234,0.8143033541376142,heat,0.25,118,0,0.9999761949463992,0.014237452298402786
0.0007541937047694325,0.9598617553710938,0.9427787661552429,0.0006474003312177956,-0.00045135043910704553,0.9849040508270264,-0.0004508427227847278,0.9806390206964101,0.8145626458559981,heat,0.25,119,0,0.9999891087569908,0.013853444717824459
0.0008236324635633672,0.9637733697891235,0.9481538534164429,0.0006721897516399622,-0.0004806005163118243,0.982155442237854,-0.00048275041626766324,1.6094906483524556,0.316748845338108,heat,0.4,100,0,0.9995849766363203,0.004433231428265572
0.0009696376873453924,0.958681583404541,0.9409434795379639,0.00026787424576468766,-0.0005351396976038814,0.9826084971427917,-0.0005368617712520063,1.6101904767637054,0.3168418513056714,heat,0.4,101,0,0.9999996466706785,0.0012467544293031096
0.0011344837575351034,0.9563252925872803,0.9360432624816895,0.0003619594208430499,-0.00039466918678954244,0.9817000031471252,-0.0003922626783605665,1.6087653702916997,0.31713124936909826,heat,0.4,102,0,0.9999997904321156,0.0012740057427436113
0.0013784610981500255,0.9196465015411377,0.8918436765670776,0.003025321988388896,-0.0013498289044946432,0.9804387092590332,-0.0013447351520881057,1.6084645982374906,0.3167497993519664,heat,0.4,103,0,0.9995125217637781,0.02562912181019783
0.0006606007333684424,0.959510862827301,0.941563606262207,0.00021147671213839203,-0.000702355639077723,0.9832574129104614,-0.0007014700095169246,1.6112888916309274,0.3166119715595529,heat,0.4,104,0,0.9999995967028645,0.0017078485107049346
0.0009294483408872149,0.9464513063430786,0.924948513507843,0.00014560135605279356,-0.0005935260560363531,0.9817438125610352,-0.0005894600180909038,1.6091127661198263,0.31710164477583097,heat,0.4,105,0,0.9995818404732402,0.004297415725886822
0.0014135379130373114,0.9179489612579346,0.8849591016769409,0.0012792452471330762,-0.00081103720003739,0.9737623333930969,-0.0008076801896095276,1.5987482624333085,0.31750985943890575,heat,0.4,106,0,0.9999180388320253,0.02835915796458721
0.0014622249488310906,0.9617464542388916,0.9524227976799011,0.0005926172598265111,-0.0005879077361896634,0.9791696667671204,-0.0005958876572549343,1.6056179695391029,0.3164312925585427,heat,0.4,107,0,0.9999776465572624,0.006973004899919033
0.0013270582778892586,0.9395395517349243,0.9135427474975586,0.0024766428396105766,-0.0007005111547186971,0.9779736399650574,-0.0007061804062686861,1.6042085688141752,0.31711408442043143,heat,0.4,108,0,0.9999498214381772,0.040454763919115067
0.0009244551759627424,0.9655366539955139,0.9468221664428711,0.000847144634462893,-0.00024143636983353645,0.9816672205924988,-0.00023891145247034729,1.6084985283485793,0.3171055014501855,heat,0.4,109,0,0.9998694229192963,0.029291687533259392
0.001437732055344585,0.9659200310707092,0.9560996294021606,0.00024119466252159327,-0.000796556647401303,0.9841939210891724,-0.0007868396933190525,1.6126698033667222,0.31618446782934495,heat,0.4,110,0,0.9999999527459631,0.0036666456144303083
0.0013562889445577272,0.9521810412406921,0.930790901184082,0.00019115621398668736,-0.0008689494570717216,0.9819130897521973,-0.0008545666350983083,1.6097096265780824,0.31659711872681595,heat,0.4,111,0,0.9999999213188672,0.005575404968112707
0.001489436705313139,0.9607396125793457,0.9521048069000244,0.0005713300197385252,-0.00040288339368999004,0.9789444804191589,-0.0003966575604863465,1.605049574352418,0.3167026449687137,heat,0.4,112,0,0.9999951102538297,0.017369508743286133
0.0012047583191519648,0.950135350227356,0.9294800162315369,0.0011869315057992935,-0.001100738998502493,0.9808799624443054,-0.0010969912400469184,1.6086495234615281,0.31627026506023465,heat,0.4,113,0,0.999996538283121,0.018878920003771782
0.0012457999654872712,0.9256476163864136,0.8985060453414917,0.0017718253657221794,-0.001293287263251841,0.9800146818161011,-0.0012883696472272277,1.6078010819167545,0.31667090377324697,heat,0.4,114,0,0.9999034245272557,0.016125665977597237
0.0011161377571904134,0.9451865553855896,0.9250086545944214,0.0019146754639223218,-0.0009403019212186337,0.9772495031356812,-0.000934279931243509,1.6035399864087472,0.31651363335311794,heat,0.4,115,0,0.9965082047078637,0.03301750123500824
0.0008812109997646513,0.9379650950431824,0.9150897264480591,0.0004426513914950192,-0.0007792219403199852,0.9816809296607971,-0.0007826866349205375,1.6093076786536273,0.3170538012188513,heat,0.4,116,0,0.9997567381822356,0.010345919989049435
0.0018339057094144944,0.9598384499549866,0.9449625015258789,0.00037989034899510443,-0.0007664872682653368,0.9797095656394958,-0.0007559340447187424,1.6065839612485342,0.31637267588400425,heat,0.4,117,0,0.9997553385107057,0.002856619656085968
0.001408896971446886,0.9423949122428894,0.9172384738922119,0.0009181872010231018,-0.0007181306136772037,0.9785857200622559,-0.0007236966630443931,1.6050460027704163,0.31702173285307367,heat,0.4,118,0,0.9999431192583825,0.024259129539132118
0.0010569438477650423,0.9471390843391418,0.9243028163909912,0.0010143712861463428,-0.00047187291784211993,0.9799814820289612,-0.0004608258022926748,1.6065645599763134,0.317252131642423,heat,0.4,119,0,0.9999918559906924,0.016750909388065338
0.0027596736616864836,0.8577260971069336,0.809231698513031,0.0007916642352938652,-0.0019117476185783744,0.9786561131477356,-0.004170774482190609,1.705632442423067,-0.022862502222588028,lf,0.1,300,0,0.9998509244118885,0.014547187834978104
0.0022615880484166146,0.9262673854827881,0.9144508838653564,0.0007935055764392018,-0.0008925802540034056,0.9816121459007263,-0.003263829741626978,1.7076571694312788,-0.02382149280345812,lf,0.1,301,0,0.9999792618841727,0.007318580523133278
0.0012919180900965513,0.9461930990219116,0.9498635530471802,0.0005090744816698134,-0.0009270309237763286,0.9787052273750305,-0.0012256712652742863,1.7032710350005336,-0.023399542925144828,lf,0.1,302,0,0.9999988932884577,0.0002204128832090646
0.001769420736848979,0.9507369995117188,0.9687074422836304,0.0005314655136317015,-0.0017294088611379266,0.9787924885749817,-0.002817253116518259,1.7047376474662872,-0.025540745823418764,lf,0.1,303,0,0.9999522398793401,0.00026471741148270667
0.0015833000598586733,0.9442465305328369,0.9525449275970459,0.0005754275480285287,-0.00101258244831115,0.9798604249954224,-0.0027338576037436724,1.70544349970072,-0.02450038288841523,lf,0.1,304,0,0.999753831066926,0.028756974264979362
0.0018999106158900875,0.9425332546234131,0.9385653734207153,0.0005206225905567408,-0.0006752358167432249,0.9777087569236755,-0.0022963793016970158,1.7025346059728976,-0.023665281933880164,lf,0.1,305,0,0.9998364083001832,0.0030747975688427687
0.001744733769820441,0.9461627006530762,0.9556856155395508,0.000681207631714642,-0.0009162146016024053,0.9744618535041809,-0.002400456229224801,1.6990733717955022,-0.0244117658280808,lf,0.1,306,0,0.9999675466966629,0.03745574131608009
0.0013834613488574944,0.9275065064430237,0.9278883337974548,0.0009292328031733632,-0.0008722014026716352,0.970728874206543,-0.002087024739012122,1.6946658772554746,-0.023606542672149598,lf,0.1,307,0,0.9999954923989989,0.004336400423198938
0.001889483896508044,0.938681960105896,0.9394688606262207,0.0010391706600785255,-0.0018577101873233914,0.9772782921791077,-0.002882494358345866,1.7031303532707711,-0.02504327493761597,lf,0.1,308,0,0.9999996926167132,0.0035392288118600845
0.0014901347178609687,0.9326865077018738,0.9215291738510132,0.0008250605314970016,-0.0005952384672127664,0.9751620888710022,-0.0012672054581344128,1.6990624359417243,-0.022579900053198983,lf,0.1,309,0,0.9999977286244242,0.015182371251285076
0.002135344600167654,0.9353066086769104,0.9501814842224121,0.0008952109492383897,-0.002056221943348646,0.9743556380271912,-0.0037605774123221636,1.7004442889785478,-0.026115446458540307,lf,0.1,310,0,0.9999968585940582,0.014628277160227299
0.0016303603957212966,0.937688946723938,0.9438952207565308,0.0006201511714607477,-0.0022055418230593204,0.9748036861419678,-0.003479966428130865,1.700871442765726,-0.02589107253950214,lf,0.1,311,0,0.9999996841863636,0.01037592627108097
0.0021025532947066055,0.9073471426963806,0.8866884708404541,0.0015781251713633537,-0.0007569795707240701,0.9773451685905457,-0.002540669171139598,1.7023685965840427,-0.022689040298616292,lf,0.1,312,0,0.9998079370900742,0.04326056316494942
0.0026320165668827747,0.9368260502815247,0.9464420080184937,0.0006436876719817519,-0.0011565336026251316,0.9789256453514099,-0.002756316913291812,1.7044834532954984,-0.024512845955663984,lf,0.1,313,0,0.999988095137417,0.0012265651021152735
0.0021191756222190402,0.9041604995727539,0.8816424012184143,0.0005164510803297162,-0.0009633857989683747,0.9807479977607727,-0.0034080492332577705,1.7068385350121518,-0.023230686505301523,lf,0.1,314,0,0.9999994638057436,0.0008880689274519682
0.0018127256517846504,0.9403130412101746,0.9399483799934387,0.00040647984133102,-0.00024263979867100716,0.9792162775993347,-0.0030636501032859087,1.7043895136714509,-0.023818103559206542,lf,0.1,315,0,0.9999993187406924,0.002281704917550087
0.0018065296263306883,0.939028263092041,0.9407682418823242,0.0006529743550345302,-0.0007045215461403131,0.9725688695907593,-0.0014280813047662377,1.6962852704981046,-0.023288705871842213,lf,0.1,316,0,0.9999853875126404,0.04011324420571327
0.0010720012556135745,0.956600546836853,0.9626678824424744,0.0004368748050183058,-0.000508773373439908,0.9795823693275452,-0.0010364336194470525,1.7038911054621702,-0.023213976875607903,lf,0.1,317,0,0.999999806341833,0.020060231909155846
0.0027215260173735992,0.894895076751709,0.8704360127449036,0.0003547499072737992,-0.0015595726436004043,0.9782919883728027,-0.004164373502135277,1.70485748432933,-0.024010182353777054,lf,0.1,318,0,0.9999996443337579,0.0014390774304047227
0.002150596498871681,0.9369139671325684,0.947765052318573,0.0004445255908649415,-0.001256810617633164,0.9792737364768982,-0.003244296181946993,1.705224159924414,-0.02493832013488285,lf,0.1,319,0,0.9999993312286725,0.0007486653630621731
0.005197584410811463,0.8524383902549744,0.854783296585083,0.0014365649549290538,0.00032078716321848333,0.9804906845092773,-0.005863196216523647,1.6789046408243518,-0.021929034787602025,lf,0.25,300,0,0.9998725900425959,0.012973612174391747
0.0029206540223930917,0.9010996222496033,0.9528425931930542,0.0008456444484181702,0.0010042998474091291,0.9732565879821777,-0.00612541101872921,1.6705296172635629,-0.02386209007919421,lf,0.25,301,0,0.9999790054348074,0.01315421611070633
0.002790114827004575,0.8856393098831177,0.9052724838256836,0.0015055686235427856,5.324366793502122e-05,0.9762241840362549,-0.005707124248147011,1.6741876536951392,-0.023334109184689117,lf,0.25,302,0,0.9999898935478373,0.0005972531507723033
0.0021576837837336904,0.9227332472801208,0.9720520973205566,0.0007915021851658821,-0.00011473431368358433,0.9671574831008911,-0.003513162024319172,1.6633581762177685,-0.02405523161891257,lf,0.25,303,0,0.9998832025230308,0.001960009103640914
0.003096367702866579,0.912486732006073,0.9629404544830322,0.0006726905121468008,0.00027479114942252636,0.9687897562980652,-0.0035821336787194014,1.6650140696597144,-0.02348655630785135,lf,0.25,304,0,0.9996636298378809,0.035051312297582626
0.002882679364577678,0.911355197429657,0.9523740410804749,0.0008979457197710872,0.0002983390004374087,0.9711775779724121,-0.0031633828766644,1.6673478415021246,-0.022939371610660373,lf,0.25,305,0,0.999770183893741,0.010698738507926464
0.0022453725852695644,0.9189614653587341,0.9729764461517334,0.0007572383037768304,0.0004116303171031177,0.9647083878517151,-0.0021672332659363747,1.6597860282993964,-0.022924573919273706,lf,0.25,306,0,0.999946951727394,0.06606139242649078
0.002066355890652165,0.8982299566268921,0.9234399795532227,0.0013408905360847712,0.00045901499106548727,0.9692686796188354,-0.002857225714251399,1.665039618084267,-0.022008695498506727,lf,0.25,307,0,0.9999742947865484,0.01972544752061367
0.002425825868216867,0.9031980633735657,0.9403972625732422,0.0012474720133468509,-0.0013533899327740073,0.9687599539756775,-0.002966256346553564,1.6658798175462133,-0.024107495500714133,lf,0.25,308,0,0.9999978953396788,0.021464988589286804
0.002628777855822708,0.9128896594047546,0.9538047909736633,0.001164022833108902,-0.0012545244535431266,0.9706125259399414,-0.0029695399571210146,1.6677933587619984,-0.024282295594740207,lf,0.25,309,0,0.9999945594601216,0.03859201818704605
0.0026657520122108013,0.9096295237541199,0.9547290205955505,0.0007480016793124378,0.00021263433154672384,0.9721981287002563,-0.0048342514783144,1.6693192592971273,-0.02394839921831216,lf,0.25,310,0,0.9999886235887863,0.035643354058265686
0.002074800340787573,0.892094612121582,0.9172835350036621,0.0007686354801990092,0.0007745912880636752,0.969635546207428,-0.003138067666441202,1.6653579204336117,-0.021725725999713754,lf,0.25,311,0,0.9999974216928156,0.039966970682144165
0.004218666469061596,0.8612436652183533,0.8743523955345154,0.0017545060254633427,0.0004803874471690506,0.9789913296699524,-0.00510812271386385,1.6768056013053774,-0.021859195176726805,lf,0.25,312,0,0.9998008485121725,0.03996846824884415
0.0019291608032658812,0.9052562117576599,0.9288474321365356,0.0014068031450733542,0.0005045341094955802,0.9748970866203308,-0.0030933259986341,1.671193284025216,-0.022091506943542453,lf,0.25,313,0,0.9999132371836936,0.012765890918672085
0.005771690942166588,0.8112874031066895,0.7552995681762695,0.0012956798309460282,-0.0006422579754143953,0.9879435300827026,-0.004891193006187677,1.6876727796454203,-0.01986389826776836,lf,0.25,314,0,0.9999987458837056,0.003006468992680311
0.0019380257475236104,0.9197127819061279,0.9631680250167847,0.0005665688659064472,-8.742250065552071e-05,0.9728567004203796,-0.003170293290168047,1.6694637970355446,-0.023497862225113093,lf,0.25,315,0,0.9999967189715012,0.012385986745357513
0.0015381369606747642,0.9049931764602661,0.93145751953125,0.0010818701703101397,-0.00025432935217395425,0.9664171934127808,-0.0016168274451047182,1.6618719831372948,-0.022231579320110488,lf,0.25,316,0,0.999910700449257,0.07358133047819138
0.0018023485226035109,0.9228574633598328,0.9612191915512085,0.0007784544141031802,-0.0005771577707491815,0.9713494777679443,-0.0014760374324396253,1.6674078907741172,-0.02301524430703054,lf,0.25,317,0,0.999998781584214,0.043735042214393616
0.003658540184256946,0.8919546008110046,0.926995038986206,0.0007797306170687079,0.0014459536178037524,0.973735511302948,-0.006376784294843674,1.670825945466797,-0.022997797051460607,lf,0.25,318,0,0.9999982591084127,0.002079051686450839
0.0019284461045461865,0.9083122611045837,0.9416080713272095,0.0009049977525137365,-0.0005427161231637001,0.9692273139953613,-0.0027074811514467,1.6656037519527427,-0.023252291571612675,lf,0.25,319,0,0.9999977428340184,0.0029862229712307453
0.00659840191182803,0.7525902986526489,0.7131911516189575,0.0029962221160531044,0.0019823212642222643,0.9859516024589539,-0.005761079024523497,1.6379018212796692,-0.01554279992880992,lf,0.4,300,0,0.9999085750712096,0.021501626819372177
0.0028381999073656674,0.8734769821166992,0.9534475207328796,0.0013623321428894997,0.0016268250765278935,0.9698289036750793,-0.0063162571750581264,1.6208559679231125,-0.021629634367821303,lf,0.4,301,0,0.999917281906262,0.03536568582057953
0.004406948690087824,0.8118358254432678,0.8497559428215027,0.0016913814470171928,0.0037364521995186806,0.9903488755226135,-0.009351476095616817,1.6417865815146757,-0.01818574953368909,lf,0.4,302,0,0.9999902653259556,0.0006943477201275527
0.0028729765875779288,0.8528352379798889,0.897934079170227,0.000921062077395618,0.0017565914895385504,0.986614465713501,-0.006917644292116165,1.6380780708626432,-0.020188604529163105,lf,0.4,303,0,0.9996074704867461,0.0029133690986782312
0.0038940181385613663,0.8436804413795471,0.9259988069534302,0.0016559273935854435,0.005156236235052347,0.9803102612495422,-0.00799442920833826,1.6297412692892574,-0.018110404175486566,lf,0.4,304,0,0.9996083027475257,0.040163833647966385
0.004138876991583667,0.8609141707420349,0.9593061208724976,0.0011508938623592257,0.0038136267103254795,0.9698465466499329,-0.008583096787333488,1.6201299787958614,-0.020578857484646017,lf,0.4,305,0,0.9998533716031462,0.012053855694830418
0.0024905771057954808,0.8756596446037292,0.964158296585083,0.001386799500323832,0.004392177332192659,0.9721150994300842,-0.008129456080496311,1.6218124488182855,-0.01989214648546763,lf,0.4,306,0,0.9998809941643313,0.06838708370923996
0.002644210193032128,0.8708780407905579,0.9406878352165222,0.0010584143456071615,0.0029644868336617947,0.9773134589195251,-0.007266246248036623,1.6276806336699412,-0.020295758790513388,lf,0.4,307,0,0.99994746426452,0.02876110002398491
0.0037671337471367238,0.8756791949272156,0.967545747756958,0.0014118626713752747,0.002679034136235714,0.9706220030784607,-0.006722664460539818,1.6210040926616114,-0.021072444143040242,lf,0.4,308,0,0.9999908363637514,0.017802061513066292
0.0033454593286680726,0.8746523857116699,0.9662895202636719,0.0014941374538466334,0.0009140108595602214,0.9689375758171082,-0.003943139687180519,1.6196009866913004,-0.021639667208521958,lf,0.4,309,0,0.9999906149981465,0.04882751405239105
0.002938741130302593,0.872800886631012,0.97039395570755,0.0009880107827484608,0.0024651847779750824,0.9696730971336365,-0.007505260407924652,1.6205572945535707,-0.021684625643072202,lf,0.4,310,0,0.9999816835304923,0.04372107610106468
0.0026040952758338673,0.8470237851142883,0.900368869304657,0.001399414730258286,0.0028625193517655134,0.967799186706543,-0.005954900290817022,1.6176466718722367,-0.019164960269848492,lf,0.4,311,0,0.9999922600067859,0.048551443964242935
0.002780377386259834,0.8583697080612183,0.953011155128479,0.0014330534031614661,0.002363549079746008,0.9738340377807617,-0.006310910452157259,1.6244780629158435,-0.02081738192706437,lf,0.4,312,0,0.9997121761834861,0.05164693668484688
0.0034149093415666086,0.8539983630180359,0.8957434892654419,0.0023001788649708033,-0.0002433008048683405,0.9726973176002502,-0.004528667312115431,1.6244024065648466,-0.021373519913591633,lf,0.4,313,0,0.9998378620764795,0.014794455841183662
0.004700283979708711,0.8395140767097473,0.9270052909851074,0.002092454582452774,0.00536970142275095,0.9772968888282776,-0.00942744966596365,1.6270265411452898,-0.01857103593061771,lf,0.4,314,0,0.9999973995932473,0.0012122060870751739
0.0035718984488934957,0.8767037391662598,0.9626961946487427,0.0007396177970804274,0.002272009616717696,0.9769521355628967,-0.007763257250189781,1.6280739778379105,-0.02164981598135038,lf,0.4,315,0,0.9999925462569174,0.02102917805314064
0.0022839060905762766,0.8564258813858032,0.9013752937316895,0.0014163287123665214,0.00544888386502862,0.9668665528297424,-0.00633138045668602,1.614698049757165,-0.016857645213527856,lf,0.4,316,0,0.9997700971030848,0.09720171242952347
0.004241252799118794,0.873569130897522,0.932368278503418,0.0016935125458985567,0.0023504376877099276,0.9791499972343445,-0.004781990312039852,1.6292620263117659,-0.019644842730499944,lf,0.4,317,0,0.9999971566133516,0.06586498767137527
0.003811114238659569,0.847529411315918,0.924652099609375,0.0010914875892922282,0.0031383184250444174,0.9735466837882996,-0.008672225289046764,1.624459020645526,-0.02043110710211326,lf,0.4,318,0,0.9999981099569561,0.0025644295383244753
0.0027495905776018523,0.8732037544250488,0.9580569267272949,0.001177597907371819,0.002255348488688469,0.9711728692054749,-0.0068024806678295135,1.621918442950798,-0.021294699673071273,lf,0.4,319,0,0.9999954568554523,0.003429980017244816
0.008822176630923164,0.945591390132904,0.934528648853302,0.022073425352573395,-0.00024615696747787297,0.9921248555183411,-0.00023602493456564844,0.45429734402746585,0.9970399237547898,wave,0.1,200,0,0.9983934869442156,0.26637133955955505
0.009295163589666484,0.9666494727134705,0.9588190317153931,0.020040174946188927,6.457229756051674e-05,0.9901633858680725,0.0001735822734190151,0.4553074856782423,0.9970318919857416,wave,0.1,201,0,0.9961606098513452,0.3115040957927704
0.005769720541629866,0.9788026213645935,0.9758504033088684,0.01019408367574215,-0.00019355876429472119,0.996475875377655,-0.00023250171216204762,0.45190317173623784,0.9969787831450329,wave,0.1,202,0,0.9992089189185112,0.17378948628902435
0.009197811593986993,0.9673121571540833,0.9852819442749023,0.014040179550647736,0.00015715995687060058,0.9870468974113464,0.00021434940572362393,0.45700026142054784,0.996976050884704,wave,0.1,203,0,0.9978037377510773,0.29166698455810547
0.005112955398206764,0.9674581289291382,0.965041995048523,0.020034074783325195,0.0005379571812227368,0.9920491576194763,0.0004741484299302101,0.45422557802232694,0.9970670730146344,wave,0.1,204,0,0.9992946649477213,0.151997372508049
0.008261730036924217,0.9640190601348877,0.9779410362243652,0.023458926007151604,-0.00011722859198926017,0.9882830381393433,-7.881804049247876e-05,0.4563657593109362,0.9969572098875417,wave,0.1,205,0,0.9967766642196763,0.26254385709762573
0.006893619841135644,0.9474292993545532,0.9393105506896973,0.008818169124424458,-0.001248377375304699,0.9972816109657288,-0.0012475611874833703,0.4516234702427456,0.9969238651780983,wave,0.1,206,0,0.998576390608559,0.22514104843139648
0.008758906097199681,0.9710250496864319,0.9742629528045654,0.027749566361308098,-0.0001363030751235783,0.9916356801986694,-0.0001124684713431634,0.45453501925792705,0.9969765320148659,wave,0.1,207,0,0.9951622445554563,0.31883224844932556
0.009982312435047486,0.9642252326011658,0.9690564870834351,0.020464720204472542,0.0009459795546717942,0.9882294535636902,0.0008898773812688887,0.4562560824657269,0.9970947826170065,wave,0.1,208,0,0.9980830558900493,0.3003425896167755
0.006671176942912895,0.9492554664611816,0.938827395439148,0.006145732942968607,-0.000717322516720742,0.9934300184249878,-0.0007033416768535972,0.45364625775926704,0.9969824769666942,wave,0.1,209,0,0.9991247549791229,0.20023715496063232
0.008564954468086791,0.959930419921875,0.9450615644454956,0.012976175174117088,0.000294941826723516,0.9795495271682739,0.0003450004442129284,0.4610797787596827,0.9970520353399148,wave,0.1,210,0,0.9973295188049743,0.256285697221756
0.005543471776474893,0.9524059891700745,0.9357642531394958,0.006867947056889534,1.7207887140102684e-05,0.9844995141029358,-0.00010431323607917875,0.4584308901266433,0.9970394015844969,wave,0.1,211,0,0.9986559196824413,0.18131712079048157
0.00778157070036428,0.9308622479438782,0.9175200462341309,0.00931608583778143,-0.0003447393246460706,0.9920941591262817,-0.00048254174180328846,0.45435076444409206,0.997048854631708,wave,0.1,212,0,0.998952006213434,0.23211747407913208
0.007042172572779069,0.9515751600265503,0.9408541917800903,0.014316706918179989,0.0003183832741342485,0.9860931038856506,0.0004020365886390209,0.4575044964688815,0.9970805672560433,wave,0.1,213,0,0.9988636935954782,0.23633192479610443
0.009428583838209426,0.9736031293869019,0.9678804874420166,0.013471783138811588,0.00036045946762897074,0.9839564561843872,0.0004562602553050965,0.45865418015617965,0.9970339901781037,wave,0.1,214,0,0.9981337344027791,0.3126342296600342
0.004400214061288771,0.9759899377822876,0.9668447375297546,0.005126022268086672,-0.0002124993916368112,0.9912409782409668,-0.0002991730871144682,0.45476554460151175,0.9969805289869491,wave,0.1,215,0,0.9988481002832433,0.13276076316833496
0.010270831066491414,0.9662870168685913,0.9685540199279785,0.013329889625310898,-0.0004665362066589296,0.9935774207115173,-0.0004961434751749039,0.4535261690110334,0.9969492607262768,wave,0.1,216,0,0.9980927993193327,0.3369176685810089
0.007230323644992438,0.961722195148468,0.9624849557876587,0.01585392653942108,0.0002490486658643931,0.9914150238037109,0.0003744738351088017,0.454601552989754,0.9970436750195157,wave,0.1,217,0,0.9980707577443245,0.2095729410648346
0.0021662194572846754,0.9763358235359192,0.972183108329773,0.0018123864429071546,0.0002910519833676517,0.990332305431366,0.00033836092916317284,0.45518375393241906,0.9970329419447642,wave,0.1,218,0,0.999941424015973,0.031704988330602646
0.008594428800561068,0.9548476338386536,0.9610703587532043,0.012997071258723736,-0.0008975156233645976,0.9957334399223328,-0.0008800887735560536,0.4524181688477289,0.9969061369480636,wave,0.1,219,0,0.9982830154808693,0.24683624505996704
0.010479543163066062,0.9388602375984192,0.9186592102050781,0.013247430324554443,0.00022627301223110408,0.9810279011726379,0.0002310397248947993,0.4074061942154645,0.9738716118817546,wave,0.25,200,0,0.9981219907111313,0.30966636538505554
0.021826739456165527,0.9034920930862427,0.8910681009292603,0.05661704018712044,-0.0015174372820183635,0.9993091225624084,-0.00155342067591846,0.39865242977755383,0.9735243934401686,wave,0.25,201,0,0.9893974609487731,0.5336368083953857
0.010410971959956156,0.9440251588821411,0.9283962249755859,0.023088984191417694,-0.0002767567057162523,0.9851379990577698,-0.00011948189057875425,0.40541426201676906,0.9737028962093829,wave,0.25,202,0,0.9958692480306024,0.3905676007270813
0.015080453831167262,0.8718298077583313,0.833349883556366,0.04497808218002319,-0.001665862975642085,0.9812796711921692,-0.0015329975867643952,0.40836375540716313,0.9737112360367111,wave,0.25,203,0,0.9930289328669502,0.4299525022506714
0.012504537883542593,0.9281855821609497,0.963581919670105,0.01838524639606476,-0.00046690256567671895,0.984168291091919,-0.00036536093102768064,0.40608101984073824,0.9733795642010753,wave,0.25,204,0,0.995635783921052,0.38320398330688477
0.016968331166435768,0.9130654335021973,0.8902691602706909,0.025936923921108246,-0.0010106561239808798,0.9708750247955322,-0.0010161201935261488,0.41357121237825195,0.9735004336730352,wave,0.25,205,0,0.9944850041138339,0.3900238275527954
0.013347746882188729,0.9244776368141174,0.9515315890312195,0.031217534095048904,-0.0007561730453744531,0.9811031222343445,-0.0008402265375480056,0.40792852011358227,0.9732926407552015,wave,0.25,206,0,0.994108149162492,0.4406956732273102
0.014269469968817013,0.895028293132782,0.8648779988288879,0.022785214707255363,2.478582064213697e-05,0.9784244894981384,0.00024421114358119667,0.40893052758062237,0.9741102859551944,wave,0.25,207,0,0.9954419824232208,0.4365619719028473
0.01213850594319465,0.9189096689224243,0.9007417559623718,0.016347404569387436,0.00047008920228108764,0.9806607961654663,0.0002883525157812983,0.4075659621379083,0.9739964691911804,wave,0.25,208,0,0.993992034765599,0.407457560300827
0.012038091247514442,0.9533923864364624,0.9517072439193726,0.029388058930635452,0.0006098516751080751,0.9737443923950195,0.00044671891373582184,0.41113900256044184,0.9737601013191484,wave,0.25,209,0,0.9960311413660207,0.28765684366226196
0.012865289186071206,0.9067656993865967,0.9198527336120605,0.011292642913758755,0.0007068723207339644,0.9747904539108276,0.0008599756984040141,0.4105507541853421,0.9739370080370034,wave,0.25,210,0,0.9812306124865103,0.39333656430244446
0.016703901062620333,0.946944534778595,0.9328197836875916,0.023227795958518982,-0.0004039405903313309,0.9831324815750122,-0.00025333272060379386,0.40655025644152293,0.9736240355914134,wave,0.25,211,0,0.9947025668487463,0.43161582946777344
0.013294829686719604,0.9216800332069397,0.897474467754364,0.012269418686628342,-0.0008136018295772374,0.9819843769073486,-0.0005479514948092401,0.40739343072242923,0.9736799489823778,wave,0.25,212,0,0.9919030319150918,0.42046722769737244
0.01637579743591495,0.9618728756904602,0.9920686483383179,0.030215607956051826,0.0004484685487113893,0.9912248849868774,0.000515469117090106,0.4017856394280599,0.9736207973612819,wave,0.25,213,0,0.9926291239240059,0.4454886317253113
0.014718551580807634,0.8691156506538391,0.8248737454414368,0.037476371973752975,-0.0014394903555512428,0.9746434688568115,-0.0011620426084846258,0.41178511168732707,0.973810626516804,wave,0.25,214,0,0.9843530747837597,0.3576611578464508
0.010682364516211434,0.9557437896728516,0.9539471864700317,0.02911994233727455,0.0006746540311723948,0.9814676642417908,0.00058560207253322,0.4069339471082598,0.9738234943219451,wave,0.25,215,0,0.9973938126100585,0.3257521390914917
0.01536930693988727,0.9021160006523132,0.8688483238220215,0.025607364252209663,0.0005150106153450906,0.970478355884552,0.0005299836047925055,0.41300565821250024,0.9741666095106192,wave,0.25,216,0,0.9826515831851171,0.4970126152038574
0.013777978848388071,0.928008496761322,0.907798171043396,0.018782619386911392,-0.00022150033328216523,0.9738550782203674,-0.00041292476817034185,0.41154913437155166,0.9737043811170315,wave,0.25,217,0,0.9960132908190792,0.36733728647232056
0.01174886935776983,0.9384514689445496,0.9250348806381226,0.021884426474571228,-0.00010403658961877227,0.9870875477790833,-0.00037490486283786595,0.4043995957009926,0.9737164540677521,wave,0.25,218,0,0.9941531652325983,0.3520055115222931
0.015709485309961774,0.9312566518783569,0.9226561188697815,0.028003167361021042,-0.000934164272621274,0.9808202385902405,-0.0008538402034901083,0.4081093868430947,0.97345392986961,wave,0.25,219,0,0.9952719985478963,0.45558807253837585
0.014864224965196494,0.8304665684700012,0.7638520002365112,0.01656920462846756,-0.0009857071563601494,0.9627717137336731,-0.0009883394232019782,0.46383075856461214,0.9054533236414337,wave,0.4,200,0,0.9954546178308898,0.37238985300064087
0.015274215935166324,0.9111306667327881,0.9134185314178467,0.028986262157559395,0.001319251605309546,0.962695300579071,0.0012379279360175133,0.461285647917185,0.905369034114194,wave,0.4,201,0,0.9898241439324119,0.4549157917499542
0.017607774977126418,0.8879979252815247,0.8555648326873779,0.034267280250787735,-0.0003804507723543793,0.9741595983505249,-3.1150128052104264e-05,0.4595300026710043,0.9051569457515106,wave,0.4,202,0,0.9938066647073348,0.5035788416862488
0.016779078713201962,0.8615297675132751,0.8136821985244751,0.02738477662205696,-0.0002876537328120321,0.9702509641647339,-0.00025011677644215524,0.46077739209267776,0.9055167327097617,wave,0.4,203,0,0.994045912110735,0.4552769362926483
0.013120996348773537,0.8796122074127197,0.8397937417030334,0.014008109457790852,0.00017378067423123866,0.965931236743927,0.0002788689744193107,0.4614634543641602,0.9055120676247506,wave,0.4,204,0,0.9919919750810895,0.41337037086486816
0.015469752956263358,0.9433373212814331,0.9235644340515137,0.02208690531551838,0.0004043921362608671,0.9693435430526733,0.0004277693515177816,0.4601194687078859,0.9048513100572175,wave,0.4,205,0,0.9905539961701866,0.4991414248943329
0.02112297265532376,0.9025883078575134,0.8904253244400024,0.03256562724709511,-0.0008500795811414719,0.9835134148597717,-0.0010158773511648178,0.4576361476712657,0.9044356952601258,wave,0.4,206,0,0.989653063552122,0.5487691760063171
0.023457201409691222,0.9187737703323364,0.9044786691665649,0.04583662003278732,-0.00012009110650978982,0.9877673983573914,-0.00046061509056016803,0.4558297333670977,0.9047510596294918,wave,0.4,207,0,0.9921232083636395,0.6252737045288086
0.016376603142710288,0.8807156682014465,0.8404552936553955,0.019704611971974373,0.00041181102278642356,0.966977059841156,0.00035554313217289746,0.4610113600517024,0.9056127151937983,wave,0.4,208,0,0.9844966985571236,0.5247703194618225
0.014679520774931605,0.9520043730735779,0.9603175520896912,0.014394891448318958,0.00018893829837907106,0.972477912902832,6.980304897297174e-05,0.4595042280333312,0.9043214538589439,wave,0.4,209,0,0.9957044555367418,0.38629356026649475
0.0168930296161035,0.8667043447494507,0.8456053733825684,0.030539263039827347,-0.00010230674524791539,0.9710817337036133,-6.281675450736657e-05,0.460352965863204,0.9052576265180802,wave,0.4,210,0,0.9937340552662454,0.5575584173202515
0.01868385335332697,0.909784197807312,0.8982834219932556,0.015978416427969933,-0.000978653784841299,0.9535866975784302,-0.0013013194547966123,0.46637030303723886,0.9038656887826011,wave,0.4,211,0,0.9914505689208427,0.551148533821106
0.016763572052476312,0.8401755690574646,0.7735778093338013,0.02190161682665348,-0.0023109682369977236,0.9617335796356201,-0.00206433585844934,0.46522213249467076,0.904611364938172,wave,0.4,212,0,0.9820832476395654,0.46443212032318115
0.0162449453128792,0.9037203192710876,0.8843954801559448,0.04573851078748703,-0.0009641924407333136,0.9721335768699646,-0.001015787827782333,0.46082756829411115,0.9043355715767012,wave,0.4,213,0,0.9872232763746882,0.4804701805114746
0.012424173463674129,0.8994794487953186,0.8578406572341919,0.012478255666792393,-0.0012790485052391887,0.9684469699859619,-0.0011744977673515677,0.4621277586991952,0.9044323902238864,wave,0.4,214,0,0.996567098578816,0.3154639005661011
0.011926163595237254,0.8886721730232239,0.8741863965988159,0.01619335636496544,0.00015306570276152343,0.9755688905715942,0.00018345554417464882,0.458750020067306,0.9052040033552504,wave,0.4,215,0,0.988539295918358,0.3698943555355072
0.013284332111732241,0.9214256405830383,0.9018570184707642,0.018694166094064713,0.0006756278453394771,0.9694712162017822,0.0008345552487298846,0.45978930014518476,0.905274748794982,wave,0.4,216,0,0.984254878145617,0.37975743412971497
0.01462604175593954,0.92629075050354,0.8941293954849243,0.015901939943432808,-0.0009728817967697978,0.9736928939819336,-0.001110399723984301,0.4603724596008362,0.9042640104153626,wave,0.4,217,0,0.9929308899355362,0.45954084396362305
0.02040361566421311,0.8921908736228943,0.8763302564620972,0.02902960032224655,-0.0005000503151677549,0.9692290425300598,-0.0002347520348848775,0.46104043003043943,0.9047877267974999,wave,0.4,218,0,0.9887773838590552,0.4333215057849884
0.017494999555842217,0.900387167930603,0.8653544187545776,0.019734902307391167,-0.0003538090968504548,0.9551197290420532,-0.00032773902057670057,0.46511608809347105,0.90478945826187,wave,0.4,219,0,0.9934018102915347,0.5617650151252747
