pde,r,seed,condition,device,device_name,weight_minus,weight_center,weight_plus,initial_minus,initial_center,initial_plus,stencil_minus,stencil_center,stencil_plus,coefficient_l1,coefficient_l2,coefficient_max_abs,initial_coefficient_l2,centrality,asymmetry,target_centrality,target_asymmetry,mse_fitted,mse_fixed,mse_initial,mse_stencil,mse_persistence,skill,excess_initial,excess_stencil,train_rows,statistics_seconds,fit_seconds,total_seconds,label
heat,0.1,100,heat_r0.1,cuda:0,NVIDIA GeForce RTX 4080 SUPER,0.10000019929395543,0.7999995099064194,0.10000029079962501,0.2845341735074086,0.26542833370282165,0.45003749278976973,0.1,0.8,0.1,9.801871610343182e-07,6.037170035068949e-07,4.900935806073647e-07,0.6650909516437225,0.7999995099064195,4.5752722676056363e-07,0.8,0.0,2.4104068168039913e-17,2.4104068168039913e-17,1.701478838636451e-05,1.7167932738947293e-17,5.190783653481093e-07,0.9999999999535637,32.77884327874056,-1.3362405163550075e-11,102400000,3.113242700000228,0.3043561000004047,4.696801199999754,stencil
heat,0.1,101,heat_r0.1,cuda:1,NVIDIA GeForce RTX 5060 Ti,0.1000000746007357,0.7999998236893299,0.10000010170993445,0.3759087678875525,0.3374729329438622,0.28661829916858533,0.1,0.8,0.1,3.5262134032154613e-07,2.1678476180213528e-07,1.7631067017465085e-07,0.5699853730942189,0.7999998236893299,1.3554587424374517e-07,0.8,0.0,1.8368463656551848e-17,1.8368463656551848e-17,7.954612770867002e-06,1.7381658323142587e-17,6.337763107578287e-07,0.9999999999710174,12.551136159645296,-1.5570246421137188e-12,102400000,3.0988463999992746,0.3004214000002321,4.699367999999595,stencil
heat,0.1,102,heat_r0.1,cuda:0,NVIDIA GeForce RTX 4080 SUPER,0.09999939826221345,0.8000009359982697,0.09999966573951677,0.3949767396546139,0.24796647329165958,0.3570567870537267,0.1,0.8,0.1,1.8719965394625726e-06,1.161856787752771e-06,9.359982696688363e-07,0.6766317191188268,0.8000009359982697,1.3373927755871559e-06,0.8,0.0,7.255508839875513e-17,7.255508839875513e-17,5.393746225220626e-06,1.7263166707488165e-17,5.99664812634462e-07,0.9999999998790072,8.994601837824597,-9.220471258776561e-11,102400000,3.531277400000363,0.12119180000081542,3.8032153000003746,stencil
heat,0.1,103,heat_r0.1,cuda:1,NVIDIA GeForce RTX 5060 Ti,0.10000002333428441,0.7999999235853773,0.10000005308033834,0.27566034630868175,0.41639382787156604,0.3079458258197522,0.1,0.8,0.1,1.5282924548110088e-07,9.592291548395946e-08,7.641462274055044e-08,0.47037402036695697,0.7999999235853773,1.487302128021014e-07,0.8,0.0,1.793856994377534e-17,1.793856994377534e-17,2.2168606612163384e-06,1.7409124149007642e-17,4.663938245285437e-07,0.9999999999615378,4.753194713769182,-1.1351904054974476e-12,102400000,3.5429003999997803,0.06370510000033391,3.8207597999999052,stencil
heat,0.1,104,heat_r0.1,cuda:0,NVIDIA GeForce RTX 4080 SUPER,0.09999964863467418,0.8000007844390105,0.09999956692631545,0.28469220677627904,0.3750865394997716,0.34022125372394935,0.1,0.8,0.1,1.5688780207884223e-06,9.624733604116138e-07,7.844390104150278e-07,0.5218897497545598,0.8000007844390105,-4.085433960457873e-07,0.8,0.0,2.888764291324447e-17,2.888764291324447e-17,4.30577065829927e-06,1.6418162953793646e-17,5.740087146013332e-07,0.9999999999496738,7.501228725207709,-2.1723502871796647e-11,102400000,3.3732636000004277,0.07399939999959315,3.65965259999939,stencil
heat,0.1,105,heat_r0.1,cuda:1,NVIDIA GeForce RTX 5060 Ti,0.099999843155055,0.8000003725296297,0.09999978431531524,0.3344925908541331,0.3397072744568856,0.3258001346889814,0.1,0.8,0.1,7.450592594687722e-07,4.581468596636981e-07,3.725296296996916e-07,0.5637746617035524,0.8000003725296299,-2.9419924679499706e-07,0.8,0.0,2.3251280407856806e-17,2.3251280407856806e-17,3.2021653205383987e-06,1.8864164074551905e-17,5.962773347221787e-07,0.999999999961006,5.3702616788746225,-7.357509799563397e-12,102400000,3.3692573999996966,0.10361470000043482,3.640696499999649,stencil
heat,0.1,106,heat_r0.1,cuda:0,NVIDIA GeForce RTX 4080 SUPER,0.09999966483269987,0.8000006820734856,0.09999965309381459,0.3527701157774464,0.33395826029925346,0.3132716239233001,0.1,0.8,0.1,1.3641469711334064e-06,8.354072421836834e-07,6.82073485580581e-07,0.5714651521696871,0.8000006820734856,-5.869462657273732e-08,0.8,0.0,2.3391322830230843e-17,2.3391322830230843e-17,3.4059611007408735e-06,1.7787588792811664e-17,4.881476264502118e-07,0.9999999999520814,6.977317754566772,-1.147958882528593e-11,102400000,3.317954799999825,0.08574679999946966,3.5643843999996534,stencil
heat,0.1,107,heat_r0.1,cuda:1,NVIDIA GeForce RTX 5060 Ti,0.10000000732981391,0.800000025527658,0.09999996714252807,0.2603396636271565,0.3452735819246609,0.39438675444818255,0.1,0.8,0.1,6.57149438337834e-08,4.224927166706217e-08,3.285747193770838e-08,0.5649322828642671,0.800000025527658,-2.0093645487876516e-07,0.8,0.0,1.9627831394892123e-17,1.9627831394892123e-17,1.3825212603328677e-05,1.8673754470061935e-17,6.444572970396508e-07,0.9999999999695436,21.45248826762762,-1.4804346684285352e-12,102400000,3.3370969999996305,0.09644240000034188,3.664587300000676,stencil
heat,0.1,108,heat_r0.1,cuda:0,NVIDIA GeForce RTX 4080 SUPER,0.09999944481274585,0.8000010618155565,0.09999949337169754,0.5003193721322279,0.2799585039813545,0.21972212388641757,0.1,0.8,0.1,2.1236311130989893e-06,1.3009063763456815e-06,1.0618155564801057e-06,0.6671072958928921,0.8000010618155566,2.4279604748799414e-07,0.8,0.0,3.593801596993788e-17,3.593801596993788e-17,4.7610623825653426e-05,1.8522816545823685e-17,5.957427901472924e-07,0.9999999999396753,79.91808648950372,-2.923274895338473e-11,102400000,3.362901999999849,0.07478739999987738,3.664107999999942,stencil
heat,0.1,109,heat_r0.1,cuda:1,NVIDIA GeForce RTX 5060 Ti,0.09999979061464619,0.8000004753418335,0.09999973404352044,0.29347567312808825,0.3611147128380483,0.34540961403386344,0.1,0.8,0.1,9.506836668310426e-07,5.835451431060029e-07,4.7534183345021574e-07,0.5387754727526537,0.8000004753418335,-2.828563009781619e-07,0.8,0.0,2.146606146872252e-17,2.146606146872252e-17,3.684074357357803e-06,1.7173260562131276e-17,5.035525792799984e-07,0.9999999999573708,7.316166194126217,-8.525030122797266e-12,102400000,3.3721403999998074,0.10983020000003307,3.722087800000736,stencil
heat,0.1,110,heat_r0.1,cuda:0,NVIDIA GeForce RTX 4080 SUPER,0.09999987202300385,0.8000002558926568,0.09999987208433929,0.41417564504240983,0.3683404067691952,0.21748394818839492,0.1,0.8,0.1,5.117853136005213e-07,3.134032220155143e-07,2.558926567308717e-07,0.5466615209139305,0.8000002558926569,3.066775760306618e-10,0.8,0.0,1.6777552549429943e-17,1.6777552549429943e-17,2.363106607229918e-05,1.5941209490533827e-17,5.559714334593541e-07,0.999999999969823,42.50410120167287,-1.504291423243597e-12,102400000,3.3564979000002495,0.12459519999993063,3.637775099999999,stencil
heat,0.1,111,heat_r0.1,cuda:1,NVIDIA GeForce RTX 5060 Ti,0.10000015058017657,0.7999996596763175,0.10000018974350586,0.2162058422639264,0.3334072929242092,0.4503868648118644,0.1,0.8,0.1,6.806473649839662e-07,4.1772861585458554e-07,3.403236825683109e-07,0.5949651309995159,0.7999996596763176,1.9581631323477335e-07,0.8,0.0,2.1318491070789046e-17,2.1318491070789046e-17,3.501398159741514e-05,1.845777209645569e-17,6.280478358511662e-07,0.9999999999660559,55.75050115590223,-4.554938033586967e-12,102400000,3.3670836000001145,0.11003139999957057,3.7154084999992847,stencil
heat,0.1,112,heat_r0.1,cuda:0,NVIDIA GeForce RTX 4080 SUPER,0.10000004120058252,0.7999999301083736,0.10000002869104395,0.3497236526523424,0.4195149524607564,0.2307613948869012,0.1,0.8,0.1,1.3978325294483618e-07,8.605523490786688e-08,6.989162648629588e-08,0.47352858043389146,0.7999999301083736,-6.254767100061338e-08,0.8,0.0,1.5428616097204414e-17,1.5428616097204414e-17,9.448468211573401e-06,1.5247206357086012e-17,5.72119180695241e-07,0.9999999999730325,16.514860068720235,-3.170838284128926e-13,102400000,3.3247997999997096,0.10158450000017183,3.6161365999996633,stencil
heat,0.1,113,heat_r0.1,cuda:1,NVIDIA GeForce RTX 5060 Ti,0.09999953914555097,0.8000008928250736,0.0999995680293755,0.32684497616611696,0.3250851709034707,0.34806985293041226,0.1,0.8,0.1,1.7856501470792097e-06,1.093673651310638e-06,8.928250735396048e-07,0.5818430974416627,0.8000008928250736,1.4441976734091305e-07,0.8,0.0,2.749508436792433e-17,2.749508436792433e-17,3.001578715605842e-06,1.7129689440861832e-17,4.919092216204237e-07,0.9999999999441054,6.101895601506439,-2.107176379718332e-11,102400000,3.3167773999994097,0.1759154999999737,3.7462273000001005,stencil
heat,0.1,114,heat_r0.1,cuda:0,NVIDIA GeForce RTX 4080 SUPER,0.09999930005609974,0.8000014589933844,0.09999924095051603,0.26878382080812224,0.3369747466460399,0.3942414325458379,0.1,0.8,0.1,2.9179867685746874e-06,1.7873833607160666e-06,1.458993384328977e-06,0.5739846548791302,0.8000014589933844,-2.955300744078346e-07,0.8,0.0,5.188035353565549e-17,5.188035353565549e-17,1.2135107146461989e-05,1.677962919526281e-17,6.165834638943363e-07,0.9999999999158583,19.68120758670032,-5.6927774419460114e-11,102400000,3.247821300000396,0.10540929999933724,3.6162334999999075,stencil
heat,0.1,115,heat_r0.1,cuda:1,NVIDIA GeForce RTX 5060 Ti,0.09999981492718973,0.8000002868946318,0.09999989817817845,0.3308973586669192,0.38611794357421153,0.2829846977588692,0.1,0.8,0.1,5.737892635471198e-07,3.5626978282717463e-07,2.8689463171804874e-07,0.5080308519022287,0.8000002868946318,4.16255540676739e-07,0.8,0.0,2.1935304458829333e-17,2.1935304458829333e-17,3.675438663954001e-06,1.7172408849612657e-17,5.766560156516631e-07,0.9999999999619612,6.373710781319714,-8.259509100959318e-12,102400000,3.26501670000016,0.15502190000006522,3.602261500000168,stencil
heat,0.1,116,heat_r0.1,cuda:0,NVIDIA GeForce RTX 4080 SUPER,0.09999975218650156,0.8000004845972702,0.0999997632162283,0.4389968773703235,0.29855924457181293,0.26244387805786346,0.1,0.8,0.1,9.691945403456081e-07,5.93559263121943e-07,4.845972702005596e-07,0.6266974769294186,0.80000048459727,5.5148767339962326e-08,0.8,0.0,2.128742038659691e-17,2.128742038659691e-17,1.9913348140325823e-05,1.8101193727385418e-17,5.234252481995259e-07,0.9999999999593305,38.044301855159226,-6.08726206903666e-12,102400000,3.283205199999429,0.1368918999996822,3.671781600000031,stencil
heat,0.1,117,heat_r0.1,cuda:1,NVIDIA GeForce RTX 5060 Ti,0.10000007906997024,0.7999997273511298,0.10000019357889997,0.3113509751724119,0.36793612569810213,0.32071289912948603,0.1,0.8,0.1,5.452977404618586e-07,3.436018875945021e-07,2.726488702586849e-07,0.5292094198190715,0.7999997273511298,5.725438681187925e-07,0.8,0.0,2.5205767949659383e-17,2.5205767949659383e-17,2.851569544829256e-06,1.645008183556067e-17,6.006542159102981e-07,0.9999999999580361,4.747439490792765,-1.4576916106710076e-11,102400000,3.2812728000008065,0.14344030000029306,3.6085660999997344,stencil
heat,0.1,118,heat_r0.1,cuda:0,NVIDIA GeForce RTX 4080 SUPER,0.10000036357517349,0.7999993844598562,0.10000025196497024,0.2819267757831649,0.34853514250753276,0.36953808170930225,0.1,0.8,0.1,1.2310802875725724e-06,7.579992887171434e-07,6.155401438556751e-07,0.5563889348190546,0.7999993844598563,-5.58049298721904e-07,0.8,0.0,2.5967581386195958e-17,2.5967581386195958e-17,6.369235436857893e-06,1.5129204033101715e-17,4.963405215194177e-07,0.999999999947682,12.83239058875828,-2.18365756647924e-11,102400000,3.2885404999997263,0.09774769999967248,3.6001021000001856,stencil
heat,0.1,119,heat_r0.1,cuda:1,NVIDIA GeForce RTX 5060 Ti,0.09999979259224759,0.8000005688213783,0.09999963858637416,0.2937277125487993,0.38945077385633686,0.3168215135948639,0.1,0.8,0.1,1.137642756485202e-06,7.051209435495337e-07,5.688213782217844e-07,0.5030831565995016,0.8000005688213783,-7.700315571968228e-07,0.8,0.0,3.254353557402175e-17,3.254353557402175e-17,2.528783586165763e-06,1.686195211401525e-17,5.353781045854927e-07,0.999999999939214,4.723360116201991,-2.929067013881884e-11,102400000,3.30795980000039,0.18256620000011026,3.7592594999996436,stencil
heat,0.25,100,heat_r0.25,cuda:0,NVIDIA GeForce RTX 4080 SUPER,0.2500000122716243,0.4999997649667972,0.2500002227615785,0.2845341735074086,0.26542833370282165,0.45003749278976973,0.25,0.5,0.25,4.700664055778958e-07,3.2405851329464603e-07,2.350332027889479e-07,0.31021198282930945,0.4999997649667972,4.209797106002418e-07,0.5,0.0,1.389069572757971e-17,1.389069572757971e-17,5.407812782879643e-06,5.334570212696181e-18,1.2825774450285948e-06,0.9999999999891697,4.216363545051858,-6.671040059327909e-12,102400000,3.2387926999999763,0.0785185000004276,3.5419088999997257,stencil
heat,0.25,101,heat_r0.25,cuda:1,NVIDIA GeForce RTX 5060 Ti,0.25000080805264424,0.4999982061322612,0.2500009858150946,0.3759087678875525,0.3374729329438622,0.28661829916858533,0.25,0.5,0.25,3.5877354776503445e-06,2.200623080158825e-06,1.7938677387974167e-06,0.20882759681333285,0.4999982061322612,3.555236252166985e-07,0.5,0.0,3.556994697751095e-17,3.556994697751095e-17,2.084282360410521e-06,5.985347951599088e-18,1.7042150413058769e-06,0.9999999999791283,1.2230160571880326,-1.7359663134917386e-11,102400000,3.293525000000045,0.061094300000149815,3.5614642999998978,stencil
heat,0.25,102,heat_r0.25,cuda:0,NVIDIA GeForce RTX 4080 SUPER,0.2500000149967753,0.4999998133690949,0.25000017163412974,0.3949767396546139,0.24796647329165958,0.3570567870537267,0.25,0.5,0.25,3.732618101826013e-07,2.539965994022118e-07,1.8663090511905622e-07,0.30983916679495577,0.4999998133690949,3.1327459190735263e-07,0.5,0.0,1.200707970349171e-17,1.200707970349171e-17,7.544148507644988e-07,5.7686405243866316e-18,1.5984177703455743e-06,0.9999999999924881,0.4719760157540391,-3.9028840237450595e-12,102400000,3.3314320999998017,0.05769220000001951,3.5621381999999358,stencil
heat,0.25,103,heat_r0.25,cuda:1,NVIDIA GeForce RTX 5060 Ti,0.24999946962245556,0.5000010644368716,0.24999946594067285,0.27566034630868175,0.41639382787156604,0.3079458258197522,0.25,0.5,0.25,2.1288737432345606e-06,1.3036661989478315e-06,1.0644368716450359e-06,0.10491026699319694,0.5000010644368716,-7.363581100213359e-09,0.5,0.0,9.775146858746275e-18,9.775146858746275e-18,2.0753336315925027e-07,5.634572456872713e-18,9.448499730005469e-07,0.9999999999896543,0.21964689536113483,-4.382255935053091e-12,102400000,3.322132899999815,0.07758009999997739,3.6605603999996674,stencil
heat,0.25,104,heat_r0.25,cuda:0,NVIDIA GeForce RTX 4080 SUPER,0.25000045250772246,0.4999991293768195,0.2500004181154581,0.28469220677627904,0.3750865394997716,0.34022125372394935,0.25,0.5,0.25,1.7412463610422257e-06,1.0665685620676815e-06,8.706231804933573e-07,0.15794554899924046,0.4999991293768195,-6.878440896888323e-08,0.5,0.0,1.1350634102310561e-17,1.1350634102310561e-17,8.859049060889957e-07,5.5650447957753475e-18,1.6939747998829014e-06,0.9999999999932994,0.52297407620516,-3.4153927832774833e-12,102400000,3.2986918999995396,0.057993399999759276,3.573213499999838,stencil
heat,0.25,105,heat_r0.25,cuda:1,NVIDIA GeForce RTX 5060 Ti,0.25000075033210506,0.4999983030359374,0.2500009466319576,0.3344925908541331,0.3397072744568856,0.3258001346889814,0.25,0.5,0.25,3.393928125261514e-06,2.082978002955588e-06,1.6969640626030014e-06,0.19641389001328763,0.4999983030359374,3.9259837262844093e-07,0.5,0.0,3.635794210804916e-17,3.635794210804916e-17,1.9103312805385356e-07,6.578181985153708e-18,1.6701407447675197e-06,0.9999999999782306,0.1143814547487408,-1.7830688950522565e-11,102400000,3.3248011000005135,0.09305899999981193,3.6325659000003725,stencil
heat,0.25,106,heat_r0.25,cuda:0,NVIDIA GeForce RTX 4080 SUPER,0.24999996155532708,0.5000000316152184,0.2500000068294545,0.3527701157774464,0.33395826029925346,0.3132716239233001,0.25,0.5,0.25,7.68893458624742e-08,5.024098288974215e-08,3.844467291735931e-08,0.20526776272384253,0.5000000316152184,9.054826056396884e-08,0.5,0.0,6.392014766804981e-18,6.392014766804981e-18,4.295972658118687e-07,5.944906304137233e-18,1.1892468240711232e-06,0.9999999999946252,0.36123473875436096,-3.759593497501e-13,102400000,3.248732299999574,0.0815281999994113,3.600151700000424,stencil
heat,0.25,107,heat_r0.25,cuda:1,NVIDIA GeForce RTX 5060 Ti,0.24999966037350568,0.5000006240997156,0.24999971552677883,0.2603396636271565,0.3452735819246609,0.39438675444818255,0.25,0.5,0.25,1.2481994310642452e-06,7.653571873224228e-07,6.24099715573756e-07,0.21188371328260963,0.5000006240997156,1.1030668397070553e-07,0.5,0.0,9.818597216703549e-18,9.818597216703549e-18,4.622587287299635e-06,6.288658343978104e-18,1.6785049768830439e-06,0.9999999999941503,2.7539908138377553,-2.1030255622483364e-12,102400000,3.182844699999805,0.0929046000001108,3.513053800000307,stencil
heat,0.25,108,heat_r0.25,cuda:0,NVIDIA GeForce RTX 4080 SUPER,0.2500000106016188,0.49999999181648513,0.24999999758189614,0.5003193721322279,0.2799585039813545,0.21972212388641757,0.25,0.5,0.25,2.120323752685671e-08,1.3609241826952715e-08,1.0601618805061719e-08,0.33465623827555613,0.49999999181648513,-2.6039444896012884e-08,0.5,0.0,6.48758815922809e-18,6.48758815922809e-18,1.9022164922909343e-05,6.4803677509516765e-18,1.6794643212253957e-06,0.9999999999961371,11.3263286886006,-4.299232907295702e-15,102400000,3.2651668999997128,0.058990899999116664,3.6188978000000134,stencil
heat,0.25,109,heat_r0.25,cuda:1,NVIDIA GeForce RTX 5060 Ti,0.25000041762693626,0.4999992071595113,0.2500003752135525,0.29347567312808825,0.3611147128380483,0.34540961403386344,0.25,0.5,0.25,1.585680977467252e-06,9.714903542504167e-07,7.928404887058704e-07,0.17401796342357576,0.4999992071595113,-8.482663299112378e-08,0.5,0.0,8.600029137297802e-18,8.600029137297802e-18,5.683155154897689e-07,5.53279462611835e-18,1.1691942078826429e-06,0.9999999999926444,0.4860745217978307,-2.623374705863993e-12,102400000,3.270095300000321,0.08736260000023321,3.64481109999997,stencil
heat,0.25,110,heat_r0.25,cuda:0,NVIDIA GeForce RTX 4080 SUPER,0.25000045414720146,0.49999908110105584,0.25000046475174287,0.41417564504240983,0.3683404067691952,0.21748394818839492,0.25,0.5,0.25,1.83779788848204e-06,1.125441750009148e-06,9.188989441577533e-07,0.21294408782637594,0.49999908110105573,2.1209043845389788e-08,0.5,0.0,1.0476831372344808e-17,1.0476831372344808e-17,8.487330137598674e-06,5.526533464889755e-18,1.3682183112142012e-06,0.9999999999923427,6.203198764472941,-3.618061435751363e-12,102400000,3.301660400000401,0.05959740000071179,3.5538753000000725,stencil
heat,0.25,111,heat_r0.25,cuda:1,NVIDIA GeForce RTX 5060 Ti,0.24999972974784143,0.500000572949842,0.24999969730231664,0.2162058422639264,0.3334072929242092,0.4503868648118644,0.25,0.5,0.25,1.1458996839464053e-06,7.020923288208827e-07,5.72949842014836e-07,0.26277380146631685,0.500000572949842,-6.48911239480069e-08,0.5,0.0,8.360654529627573e-18,8.360654529627573e-18,1.277110573596353e-05,6.309635357858586e-18,1.4689359674675937e-06,0.9999999999943083,8.69412011065731,-1.3962617957517666e-12,102400000,3.360018499999569,0.10422330000073998,3.7245247000000745,stencil
heat,0.25,112,heat_r0.25,cuda:0,NVIDIA GeForce RTX 4080 SUPER,0.24999980451682952,0.500000223497975,0.24999997198519544,0.3497236526523424,0.4195149524607564,0.2307613948869012,0.25,0.5,0.25,4.4699595005970316e-07,2.9824460439933477e-07,2.234979750159738e-07,0.12958693492176243,0.5000002234979751,3.3493688156490736e-07,0.5,0.0,1.1739281451326135e-17,1.1739281451326135e-17,3.2903057814389547e-06,5.027641854827373e-18,1.681489470838265e-06,0.9999999999930185,1.9567804845128682,-3.9914847597586784e-12,102400000,3.320093799999995,0.06828939999923023,3.601431699999921,stencil
heat,0.25,113,heat_r0.25,cuda:1,NVIDIA GeForce RTX 5060 Ti,0.2500003749999104,0.49999922699324767,0.25000039800684193,0.32684497616611696,0.3250851709034707,0.34806985293041226,0.25,0.5,0.25,1.5460135046607704e-06,9.468758198262792e-07,7.730067523303852e-07,0.21475112072730101,0.49999922699324767,4.601379191519666e-08,0.5,0.0,7.94404209207694e-18,7.94404209207694e-18,2.0767682840578527e-07,5.307224802144215e-18,1.0359861322672383e-06,0.9999999999923319,0.20046294243817384,-2.545224504291688e-12,102400000,3.3331002000004446,0.09568129999934172,3.684912599999734,stencil
heat,0.25,114,heat_r0.25,cuda:0,NVIDIA GeForce RTX 4080 SUPER,0.2500001918939295,0.4999996389412196,0.2500001691648509,0.26878382080812224,0.3369747466460399,0.3942414325458379,0.25,0.5,0.25,7.221175608029817e-07,4.4249685858199717e-07,3.610587803737353e-07,0.21848491027562986,0.4999996389412196,-4.545812441233279e-08,0.5,0.0,6.7291693811669175e-18,6.7291693811669175e-18,3.7046632146876824e-06,5.841062281599314e-18,1.5183524332995833e-06,0.9999999999955681,2.439923125520102,-5.849149908111674e-13,102400000,3.2784891999999672,0.07260000000042055,3.6132660000002943,stencil
heat,0.25,115,heat_r0.25,cuda:1,NVIDIA GeForce RTX 5060 Ti,0.2500000640539861,0.4999998805083039,0.25000005543770987,0.3308973586669192,0.38611794357421153,0.2829846977588692,0.25,0.5,0.25,2.3898339207573116e-07,1.4647360939033658e-07,1.1949169609337673e-07,0.14353221137185404,0.49999988050830396,-1.7232548377789712e-08,0.5,0.0,5.620605576516084e-18,5.620605576516084e-18,5.832999464094537e-07,5.559995811609982e-18,1.5949213617502694e-06,0.9999999999964759,0.3657233268013756,-3.8001726204107246e-14,102400000,3.277503700000125,0.08147269999972195,3.5428692000004958,stencil
heat,0.25,116,heat_r0.25,cuda:0,NVIDIA GeForce RTX 4080 SUPER,0.24999991436668012,0.5000001243046694,0.24999996132865046,0.4389968773703235,0.29855924457181293,0.26244387805786346,0.25,0.5,0.25,2.4860933886539094e-07,1.5582101782173854e-07,1.2430466944657326e-07,0.27650144249954783,0.5000001243046694,9.392396403090383e-08,0.5,0.0,6.599225520717186e-18,6.599225520717186e-18,6.7553217722999675e-06,6.0737515711458056e-18,1.2494103804355302e-06,0.9999999999947181,5.406807785584606,-4.205775442581019e-13,102400000,3.2721363000000565,0.07359699999960867,3.596301100000346,stencil
heat,0.25,117,heat_r0.25,cuda:1,NVIDIA GeForce RTX 5060 Ti,0.2499994765641805,0.5000009939262781,0.24999952950954146,0.3113509751724119,0.36793612569810213,0.32071289912948603,0.25,0.5,0.25,1.9878525560901306e-06,1.2178816752542009e-06,9.93926278058943e-07,0.1618799652629387,0.5000009939262781,1.0589093240869841e-07,0.5,0.0,1.1860245372655801e-17,1.1860245372655801e-17,1.2047961498593503e-07,5.525622383644902e-18,1.452341944502106e-06,0.9999999999918338,0.08295540553045286,-4.361660842367445e-12,102400000,3.2368849000004047,0.10351629999968281,3.5840736999998626,stencil
heat,0.25,118,heat_r0.25,cuda:0,NVIDIA GeForce RTX 4080 SUPER,0.2500009551233637,0.4999986285556189,0.25000041632101755,0.2819267757831649,0.34853514250753276,0.36953808170930225,0.25,0.5,0.25,2.742888762341522e-06,1.7223366453710075e-06,1.37144438111525e-06,0.19557677532330295,0.4999986285556189,-1.0776017365150128e-06,0.5,0.0,6.922557762628315e-17,6.922557762628315e-17,1.5743248643313062e-06,5.255988221688702e-18,1.0842846731904593e-06,0.9999999999361555,1.4519479093347432,-5.899704292642161e-11,102400000,3.2660472999996273,0.07602010000027803,3.603336799999852,stencil
heat,0.25,119,heat_r0.25,cuda:1,NVIDIA GeForce RTX 5060 Ti,0.24999892060904672,0.5000020796127241,0.2499989997782292,0.2937277125487993,0.38945077385633686,0.3168215135948639,0.25,0.5,0.25,4.159225448219228e-06,2.5476101552638517e-06,2.0796127241373696e-06,0.13637580036363406,0.5000020796127241,1.5833902354272644e-07,0.5,0.0,2.8391866921866067e-17,2.8391866921866067e-17,1.6500737717558043e-07,5.4291056103573276e-18,1.230430749006821e-06,0.9999999999769252,0.1341053751169554,-1.8662376026097918e-11,102400000,3.2818947999994634,0.10076590000062424,3.642446800000471,stencil
heat,0.4,100,heat_r0.4,cuda:0,NVIDIA GeForce RTX 4080 SUPER,0.3999999262798752,0.19999991507863424,0.4000001586414905,0.2845341735074086,0.26542833370282165,0.45003749278976973,0.4,0.19999999999999996,0.4,3.172829810549338e-07,1.9445672441286047e-07,1.5864149049971132e-07,0.14183432103490068,0.19999991507863424,2.9045198834013055e-07,0.19999999999999996,0.0,8.851573353932952e-18,8.851573353932952e-18,3.0240516085236766e-06,2.99166085544316e-18,1.9229258954148863e-06,0.9999999999953968,1.572630341990523,-3.0473938244263145e-12,102400000,3.270684600000095,0.0718894999999975,3.573634800000036,stencil
heat,0.4,101,heat_r0.4,cuda:1,NVIDIA GeForce RTX 5060 Ti,0.39999894320724916,0.20000189073109448,0.3999991660616565,0.3759087678875525,0.3374729329438622,0.28661829916858533,0.4,0.19999999999999996,0.4,3.7814621889342703e-06,2.3210187743558995e-06,1.8907310945226463e-06,0.17981825502520007,0.20000189073109448,2.785686675191038e-07,0.19999999999999996,0.0,2.632795754940269e-17,2.632795754940269e-17,1.2719121063781883e-06,3.471407721939671e-18,2.7036364965136874e-06,0.999999999990262,0.47044493888300604,-8.45400254699879e-12,102400000,3.2975035999998,0.13063460000012128,3.644553000000087,stencil
heat,0.4,102,heat_r0.4,cuda:0,NVIDIA GeForce RTX 4080 SUPER,0.40000128648717775,0.1999977279841895,0.4000009855286327,0.3949767396546139,0.24796647329165958,0.3570567870537267,0.4,0.19999999999999996,0.4,4.544031620895561e-06,2.7907654482832796e-06,2.2720158104616583e-06,0.06457658432191969,0.1999977279841895,-3.7619711287996633e-07,0.19999999999999996,0.0,3.902820029133637e-17,3.902820029133637e-17,2.3452153177265653e-07,3.7525942509612506e-18,2.6603276441824175e-06,0.9999999999853295,0.08815513091025408,-1.3259872752152554e-11,102400000,3.2786372000000483,0.05881859999954031,3.5323715000004086,stencil
heat,0.4,103,heat_r0.4,cuda:1,NVIDIA GeForce RTX 5060 Ti,0.39999977979975326,0.20000041095532553,0.3999998092449212,0.27566034630868175,0.41639382787156604,0.3079458258197522,0.4,0.19999999999999996,0.4,8.219106511775376e-07,5.037458966539832e-07,4.10955325574891e-07,0.2660086637780682,0.20000041095532553,3.680647880106315e-08,0.19999999999999996,0.0,3.684889749678073e-18,3.684889749678073e-18,2.0635844897596432e-07,3.323590873395431e-18,1.3543844118081918e-06,0.9999999999972793,0.1523632782345293,-2.6676242958324294e-13,102400000,3.306171899999754,0.08091130000047997,3.630337900000086,stencil
heat,0.4,104,heat_r0.4,cuda:0,NVIDIA GeForce RTX 4080 SUPER,0.3999996386003708,0.20000068305619603,0.39999967834343325,0.28469220677627904,0.3750865394997716,0.34022125372394935,0.4,0.19999999999999996,0.4,1.3661123920705176e-06,8.370414601130651e-07,6.830561960768922e-07,0.21800156421105316,0.20000068305619603,4.96788704819948e-08,0.19999999999999996,0.0,6.1074640928824835e-18,6.1074640928824835e-18,7.018017010949618e-07,3.520244692108956e-18,3.1961463823167417e-06,0.9999999999980891,0.21957745895902653,-8.094808845717241e-13,102400000,3.288616199999524,0.05537040000035631,3.6043142999997144,stencil
heat,0.4,105,heat_r0.4,cuda:1,NVIDIA GeForce RTX 5060 Ti,0.3999991129369853,0.2000019845699002,0.39999890249311454,0.3344925908541331,0.3397072744568856,0.3258001346889814,0.4,0.19999999999999996,0.4,3.969139800441557e-06,2.435142674407746e-06,1.984569900248534e-06,0.17121613008519054,0.2000019845699002,-2.630554910324589e-07,0.19999999999999996,0.0,2.911656054874589e-17,2.911656054874589e-17,1.0086504436903309e-07,4.017045338700737e-18,2.884022362516437e-06,0.9999999999899042,0.03497373864082165,-8.702954434929596e-12,102400000,3.2889470000000074,0.1374031000004834,3.707790099999329,stencil
heat,0.4,106,heat_r0.4,cuda:0,NVIDIA GeForce RTX 4080 SUPER,0.3999991810910868,0.20000151973237776,0.39999929917653554,0.3527701157774464,0.33395826029925346,0.3132716239233001,0.4,0.19999999999999996,0.4,3.039464755522081e-06,1.863156417665908e-06,1.519732377802674e-06,0.16642502420904098,0.20000151973237776,1.4760709134482067e-07,0.19999999999999996,0.0,1.1791569425532846e-17,1.1791569425532846e-17,2.3849532474819617e-07,3.5641460258235066e-18,1.8490918479751555e-06,0.9999999999936231,0.12897970698377656,-4.449440090697079e-12,102400000,3.039665299999797,0.056369099999756145,3.3638554999997723,stencil
heat,0.4,107,heat_r0.4,cuda:1,NVIDIA GeForce RTX 5060 Ti,0.39999958834316546,0.200000781889929,0.3999996297669055,0.2603396636271565,0.3452735819246609,0.39438675444818255,0.4,0.19999999999999996,0.4,1.5637798581324969e-06,9.580635442765875e-07,7.818899290523706e-07,0.20159596148390965,0.200000781889929,5.177972566909378e-08,0.19999999999999996,0.0,6.927949450162004e-18,6.927949450162004e-18,2.916294384749595e-06,4.066264785011386e-18,2.6158249955735562e-06,0.9999999999973516,1.1148660134700457,-1.0939893417949135e-12,102400000,3.243892099999357,0.10746299999937037,3.5603025999998863,stencil
heat,0.4,108,heat_r0.4,cuda:0,NVIDIA GeForce RTX 4080 SUPER,0.39999981380252997,0.20000036980275765,0.3999998163947124,0.5003193721322279,0.2799585039813545,0.21972212388641757,0.4,0.19999999999999996,0.4,7.396055153874315e-07,4.529177398840181e-07,3.6980275769371573e-07,0.2212633078482849,0.20000036980275765,3.2402295142617786e-09,0.19999999999999996,0.0,4.567307671130718e-18,4.567307671130718e-18,1.1930713266719233e-05,3.9620453862426686e-18,2.7871346281045203e-06,0.9999999999983613,4.280637593329346,-2.171629166333703e-13,102400000,3.3077410999994754,0.0560486000003948,3.6338213999997606,stencil
heat,0.4,109,heat_r0.4,cuda:1,NVIDIA GeForce RTX 5060 Ti,0.3999997203041283,0.20000021695920028,0.40000006273667144,0.29347567312808825,0.3611147128380483,0.34540961403386344,0.4,0.19999999999999996,0.4,5.593917434820739e-07,3.594954314255039e-07,2.7969587174103694e-07,0.20071246385895533,0.20000021695920028,4.2804079502732257e-07,0.19999999999999996,0.0,1.6537163011469054e-17,1.6537163011469054e-17,3.7355415619442465e-07,3.1347472377090425e-18,1.900375144249071e-06,0.999999999991298,0.19656863925609136,-7.052510560578067e-12,102400000,3.284958700000061,0.10987559999921359,3.6532650999997713,stencil
heat,0.4,110,heat_r0.4,cuda:0,NVIDIA GeForce RTX 4080 SUPER,0.399998981088093,0.20000210888783365,0.3999989100240733,0.41417564504240983,0.3683404067691952,0.21748394818839492,0.4,0.19999999999999996,0.4,4.217775667447743e-06,2.5833383228361712e-06,2.108887833696116e-06,0.24869971980780967,0.20000210888783365,-8.883025882174366e-08,0.19999999999999996,0.0,1.907903710983998e-17,1.907903710983998e-17,5.316525052312498e-06,3.4317815722319774e-18,2.2005668185298228e-06,0.9999999999913299,2.4159798319105037,-7.11055688288413e-12,102400000,3.299314900000354,0.07731800000055955,3.596113100000366,stencil
heat,0.4,111,heat_r0.4,cuda:1,NVIDIA GeForce RTX 5060 Ti,0.3999998108443726,0.20000040384500625,0.39999978531062114,0.2162058422639264,0.3334072929242092,0.4503868648118644,0.4,0.19999999999999996,0.4,8.076900126219311e-07,4.949365311929581e-07,4.0384500629708775e-07,0.2326298226127673,0.20000040384500625,-3.19172054201777e-08,0.19999999999999996,0.0,4.6647530051250504e-18,4.6647530051250504e-18,8.004158969647113e-06,4.0184740621829294e-18,2.334373266678759e-06,0.9999999999980017,3.4288256655056704,-2.768533002705728e-13,102400000,3.287740599999779,0.10805209999944054,3.641771300000073,stencil
heat,0.4,112,heat_r0.4,cuda:0,NVIDIA GeForce RTX 4080 SUPER,0.39999980711529437,0.2000002726645569,0.3999999202201488,0.3497236526523424,0.4195149524607564,0.2307613948869012,0.4,0.19999999999999996,0.4,5.453291138102223e-07,3.433879656356704e-07,2.7266455693286673e-07,0.2817023800344929,0.2000002726645569,1.4138111622043247e-07,0.19999999999999996,0.0,5.518302584336431e-18,5.518302584336431e-18,2.4353345914584024e-06,3.099030321604367e-18,3.1029166639240185e-06,0.9999999999982215,0.7848533670825165,-7.796768411037183e-13,102400000,3.285971100000097,0.07017769999947632,3.5589325000000827,stencil
heat,0.4,113,heat_r0.4,cuda:1,NVIDIA GeForce RTX 5060 Ti,0.39999929400631834,0.200001228088725,0.3999994779049566,0.32684497616611696,0.3250851709034707,0.34806985293041226,0.4,0.19999999999999996,0.4,2.456177450149699e-06,1.5097060076475647e-06,1.228088725047094e-06,0.15393082104229647,0.20000122808872503,2.2987365070885822e-07,0.19999999999999996,0.0,9.928434283089551e-18,9.928434283089551e-18,8.060572679737457e-08,3.1999726750644226e-18,1.4356168192599281e-06,0.9999999999930842,0.056147103953237666,-4.686808846068157e-12,102400000,3.30137570000079,0.08685150000019348,3.5675203000000693,stencil
heat,0.4,114,heat_r0.4,cuda:0,NVIDIA GeForce RTX 4080 SUPER,0.3999997407115879,0.20000044035126274,0.39999981893714937,0.26878382080812224,0.3369747466460399,0.3942414325458379,0.4,0.19999999999999996,0.4,8.807025255741507e-07,5.421470936850345e-07,4.4035126278707537e-07,0.18977072482231272,0.20000044035126274,9.77820056641065e-08,0.19999999999999996,0.0,5.139732921245927e-18,5.139732921245927e-18,2.2459082370424487e-06,3.579025513447342e-18,2.339706252011278e-06,0.9999999999978032,0.9599103456306091,-6.670527150407814e-13,102400000,3.3267600000008315,0.08183089999965887,3.667299300000195,stencil
heat,0.4,115,heat_r0.4,cuda:1,NVIDIA GeForce RTX 5060 Ti,0.4000002010696738,0.1999997854954088,0.4000000134349173,0.3308973586669192,0.38611794357421153,0.2829846977588692,0.4,0.19999999999999996,0.4,4.29009182234541e-07,2.9431569843759677e-07,2.1450459114502607e-07,0.23045095989838058,0.1999997854954088,-2.345433827491568e-07,0.19999999999999996,0.0,8.446822301207934e-18,8.446822301207934e-18,4.721778548357759e-07,3.4489539317301477e-18,2.739316825819427e-06,0.9999999999969165,0.17237066204911872,-1.8244944587591316e-12,102400000,3.2961075000002893,0.11417799999981071,3.598666900000353,stencil
heat,0.4,116,heat_r0.4,cuda:0,NVIDIA GeForce RTX 4080 SUPER,0.3999989168043837,0.20000192894073432,0.3999991542548819,0.4389968773703235,0.29855924457181293,0.26244387805786346,0.4,0.19999999999999996,0.4,3.857881468782853e-06,2.368419283971476e-06,1.928940734363671e-06,0.17365588909957083,0.20000192894073432,2.968138384307992e-07,0.19999999999999996,0.0,2.3530182564596798e-17,2.3530182564596798e-17,4.165359335188974e-06,3.840443259082233e-18,2.029467104642445e-06,0.9999999999884057,2.0524399364174952,-9.701925821168618e-12,102400000,3.29858940000031,0.10472010000012233,3.6356521999996403,stencil
heat,0.4,117,heat_r0.4,cuda:1,NVIDIA GeForce RTX 5060 Ti,0.3999979890741555,0.20000362924614462,0.39999838167969975,0.3113509751724119,0.36793612569810213,0.32071289912948603,0.4,0.19999999999999996,0.4,7.2584922894414206e-06,4.45356159999369e-06,3.629246144665199e-06,0.20578541319010482,0.20000362924614468,4.907591566592048e-07,0.19999999999999996,0.0,6.778459693121385e-17,6.778459693121385e-17,1.095484864072859e-07,3.21316785088827e-18,2.2202268890132636e-06,0.9999999999694695,0.04934112224518304,-2.9083256941813945e-11,102400000,3.281836299999668,0.12471599999935279,3.6766772000000856,stencil
heat,0.4,118,heat_r0.4,cuda:0,NVIDIA GeForce RTX 4080 SUPER,0.39999913856206365,0.20000162890735104,0.3999992325305853,0.2819267757831649,0.34853514250753276,0.36953808170930225,0.4,0.19999999999999996,0.4,3.2578147022011006e-06,1.996102146487055e-06,1.6289073510866725e-06,0.19217675016151473,0.20000162890735104,1.174608912043513e-07,0.19999999999999996,0.0,1.0939078607809912e-17,1.0939078607809912e-17,9.582367721761674e-07,3.238755143975776e-18,1.636099273754023e-06,0.9999999999933139,0.5856837586468484,-4.7065135883944625e-12,102400000,3.2520839999997406,0.055992899999182555,3.541916499999388,stencil
heat,0.4,119,heat_r0.4,cuda:1,NVIDIA GeForce RTX 5060 Ti,0.3999994273366356,0.2000011668607048,0.3999994058026595,0.2937277125487993,0.38945077385633686,0.3168215135948639,0.4,0.19999999999999996,0.4,2.33372140973076e-06,1.4291877808284666e-06,1.1668607048376245e-06,0.23260278458248293,0.2000011668607048,-2.6917509389070713e-08,0.19999999999999996,0.0,7.47698216265384e-18,7.47698216265384e-18,1.685331241925137e-07,3.3393520244772057e-18,1.8698379661233269e-06,0.9999999999960013,0.09013247524068879,-2.2128281771770793e-12,102400000,3.300623799999812,0.09030239999992773,3.660536299999876,stencil
lf,0.1,300,lf_r0.1,cuda:0,NVIDIA GeForce RTX 4080 SUPER,0.5498843011905555,0.00023120689660186263,0.4498844919128427,0.4017151332738966,0.29902918786126553,0.2992556788648379,0.55,0.0,0.45,0.00046241379320369474,0.0002831694929576365,0.00023120689660186263,0.36623859333424597,0.00023120689660186263,-0.10002293527016566,0.0,-0.10000000000000003,1.0953721933304835e-13,1.0953721933304835e-13,1.8374902893408724e-07,3.10850588201213e-18,2.917236669448262e-06,0.99999996245172,0.06298732229054167,-3.7547215859143915e-08,102400000,3.2764687999997477,1.8234021999996912,5.258840899999996,stencil
lf,0.1,301,lf_r0.1,cuda:1,NVIDIA GeForce RTX 5060 Ti,0.549868028983069,0.00026359752972797884,0.44986837348720315,0.2848122885822517,0.3635811477491726,0.3516065636685757,0.55,0.0,0.45,0.0005271950594559114,0.00032283981455139026,0.00026359752972797884,0.4606485011358386,0.00026359752972797884,-0.10002602210820204,0.0,-0.10000000000000003,1.7615829649779015e-13,1.7615829649779015e-13,3.0153519590163218e-06,2.796895390633405e-18,3.4978683374838623e-06,0.9999999496383856,0.8620541552130185,-5.036081735443195e-08,102400000,2.986970900000415,2.020448299999771,5.223315999999613,stencil
lf,0.1,302,lf_r0.1,cuda:0,NVIDIA GeForce RTX 4080 SUPER,0.5495601236866642,0.0008848791995042763,0.44955499711383157,0.39540557963147827,0.3303157175994765,0.2742787027690453,0.55,0.0,0.45,0.0017697583990085833,0.0010837573240571545,0.0008848791995042763,0.4048282134472174,0.0008848791995042763,-0.10009369740366658,0.0,-0.10000000000000003,1.4036914738464107e-12,1.4036914738464107e-12,2.3272628505377438e-07,2.5929172000200664e-18,2.628642898814538e-06,0.9999994660014586,0.08853427970077948,-5.339978401518366e-07,102400000,2.9411746000005223,3.22805580000022,6.403893900000185,stencil
lf,0.1,303,lf_r0.1,cuda:1,NVIDIA GeForce RTX 5060 Ti,0.549877382180575,0.0002448215475381061,0.44987779627188695,0.3048562086859723,0.29735936614803954,0.39778442516598805,0.55,0.0,0.45,0.0004896430950761827,0.00029984407772078777,0.0002448215475381061,0.38890170649024636,0.0002448215475381061,-0.10002407395726534,0.0,-0.10000000000000003,2.4731633733773266e-13,2.4731633733773266e-13,5.81845185483534e-06,3.718318487465201e-18,5.591970275212064e-06,0.9999999557729521,1.0405012148658639,-4.422638493867422e-08,102400000,2.95081029999983,0.3872754000003624,3.537495900000067,stencil
lf,0.1,304,lf_r0.1,cuda:0,NVIDIA GeForce RTX 4080 SUPER,0.5498645454249855,0.0002724768799438589,0.44986297769507066,0.3706252976534567,0.29786710452470405,0.3315075978218393,0.55,0.0,0.45,0.0005449537598877204,0.0003337165025054257,0.0002724768799438589,0.3673425447369158,0.0002724768799438589,-0.10002882327158436,0.0,-0.10000000000000003,1.8535198030303773e-13,1.8535198030303773e-13,6.52301809121264e-07,3.740894735141682e-18,3.6556397097430043e-06,0.9999999492969781,0.1784370749405188,-5.0702001160570914e-08,102400000,3.031752900000356,3.2198300999998537,6.485937299999932,stencil
lf,0.1,305,lf_r0.1,cuda:1,NVIDIA GeForce RTX 5060 Ti,0.5498741750276642,0.00025148586861874835,0.44987433910371705,0.29458552759162987,0.3434076409657779,0.36200683144259216,0.55,0.0,0.45,0.0005029717372375322,0.00030800604966927845,0.00025148586861874835,0.4369303815278804,0.00025148586861874835,-0.10002499079564099,0.0,-0.10000000000000003,1.1347634766063025e-13,1.1347634766063025e-13,2.2589621426310412e-06,2.710937553029639e-18,2.5250824521902424e-06,0.9999999550603397,0.8946092547244441,-4.4938588727713716e-08,102400000,3.0103980999992928,3.4559245999998893,6.634510799999589,stencil
lf,0.1,306,lf_r0.1,cuda:0,NVIDIA GeForce RTX 4080 SUPER,0.5498724014134589,0.000254838768312038,0.4498727598182291,0.4635138959374269,0.2897657031478401,0.24672040091473302,0.55,0.0,0.45,0.0005096775366240426,0.0003121125774126637,0.000254838768312038,0.3643715196347696,0.000254838768312038,-0.10002513187663752,0.0,-0.10000000000000003,3.152969883191928e-13,3.152969883191928e-13,2.3991817258359473e-06,3.0158037530192845e-18,6.315141356328619e-06,0.9999999500728534,0.379909394730958,-4.9926671544921486e-08,102400000,2.9710295000004407,3.2777071999998952,6.473423599999478,stencil
lf,0.1,307,lf_r0.1,cuda:1,NVIDIA GeForce RTX 5060 Ti,0.5498639338698793,0.00027214046511657864,0.4498639256650041,0.3262695677158865,0.34445775283826474,0.32927267944584876,0.55,0.0,0.45,0.0005442809302332223,0.00033330263900017255,0.00027214046511657864,0.4281139284683555,0.00027214046511657864,-0.10002722966167965,0.0,-0.10000000000000003,1.8751421869255764e-13,1.8751421869255764e-13,1.4706789401131928e-06,3.1525726481546404e-18,3.634773810479828e-06,0.999999948411035,0.40461357574149237,-5.1588100269892276e-08,102400000,2.9857471000004807,3.208025899999484,6.388153100000636,stencil
lf,0.1,308,lf_r0.1,cuda:0,NVIDIA GeForce RTX 4080 SUPER,0.5498895105846302,0.0002206044778513533,0.4498898849375183,0.2827594100751109,0.33161605704951946,0.3856245328753697,0.55,0.0,0.45,0.00044120895570290257,0.00027018433252538535,0.0002206044778513533,0.4307330298038302,0.00022060447785135335,-0.1000216908800023,0.0,-0.10000000000000003,1.9852109532173825e-13,1.9852109532173825e-13,5.541229464921186e-06,2.8606197397320166e-18,5.315587867983418e-06,0.999999962653031,1.0424490406270719,-3.7346432237863714e-08,102400000,3.075179399999797,2.0432301000000734,5.339758500000244,stencil
lf,0.1,309,lf_r0.1,cuda:1,NVIDIA GeForce RTX 5060 Ti,0.5498863707913433,0.0002270176110119966,0.44988661159764476,0.4010800191403698,0.2573842277492827,0.3415357531103475,0.55,0.0,0.45,0.00045403522202401136,0.00027803870694245584,0.0002270176110119966,0.3165253453464142,0.0002270176110119966,-0.10002246605498985,0.0,-0.10000000000000003,1.8463484163745795e-13,1.8463484163745795e-13,4.4381761155175306e-07,3.4005558010098846e-18,4.844185357661494e-06,0.9999999618852649,0.09161859240810437,-3.811403455625933e-08,102400000,2.9277929999998378,0.7212022000003344,3.905924800000321,stencil
lf,0.1,310,lf_r0.1,cuda:0,NVIDIA GeForce RTX 4080 SUPER,0.5498395399532712,0.0003207659643527747,0.449839694082376,0.34351068769685866,0.3416890536590812,0.31480025864406014,0.55,0.0,0.45,0.0006415319287056507,0.0003928564848754202,0.0003207659643527747,0.4215070765106747,0.0003207659643527747,-0.10003193271025705,0.0,-0.10000000000000003,1.9106492400234492e-13,1.9106492400234492e-13,7.024420545122789e-07,3.707660303674317e-18,2.812488220877005e-06,0.9999999320655203,0.24975816999096323,-6.793316604970838e-08,102400000,2.5519461000003503,3.3984184999999343,6.197604899999533,stencil
lf,0.1,311,lf_r0.1,cuda:1,NVIDIA GeForce RTX 5060 Ti,0.5498564110204849,0.00028755662478153283,0.44985603235473354,0.3344771841400748,0.3342398822587573,0.33128293360116795,0.55,0.0,0.45,0.0005751132495631703,0.0003521836032207158,0.00028755662478153283,0.4150423170025966,0.00028755662478153283,-0.10002914270840836,0.0,-0.10000000000000003,2.302697714487821e-13,2.302697714487821e-13,1.4049822961535567e-06,3.876016467496976e-18,3.951104136758715e-06,0.9999999417201462,0.3555922848742011,-5.827887620321659e-08,102400000,2.7221982000000935,3.6312550000002375,6.5147235000004,stencil
lf,0.1,312,lf_r0.1,cuda:0,NVIDIA GeForce RTX 4080 SUPER,0.5498443010293377,0.000310170175707732,0.4498455287949546,0.3519307954701807,0.2896822360109645,0.35838696851885476,0.55,0.0,0.45,0.0006203403514155122,0.0003798803239864735,0.000310170175707732,0.36268464977243364,0.000310170175707732,-0.10002979849455815,0.0,-0.10000000000000003,2.4099000570420435e-13,2.4099000570420435e-13,1.345352060415459e-06,3.0257331975271184e-18,3.5052646608987793e-06,0.999999931249127,0.3838089394295871,-6.875001457872289e-08,102400000,2.5711140999992494,3.5522141999999803,6.266907600000195,stencil
lf,0.1,313,lf_r0.1,cuda:1,NVIDIA GeForce RTX 5060 Ti,0.5498770403601217,0.0002457466026981014,0.44987721303718015,0.40047584861282154,0.27973872927220583,0.3197854221149727,0.55,0.0,0.45,0.0004914932053962617,0.0003009769160835852,0.0002457466026981014,0.3428805401253623,0.0002457466026981014,-0.10002440798138992,0.0,-0.10000000000000003,1.8884659611589397e-13,1.8884659611589397e-13,2.888003239509412e-07,3.4366472328473335e-18,4.308959792106325e-06,0.999999956173507,0.06702317071755969,-4.382569735065542e-08,102400000,2.5904224000005343,3.3662678000000597,6.094467699999768,stencil
lf,0.1,314,lf_r0.1,cuda:0,NVIDIA GeForce RTX 4080 SUPER,0.5498869999559395,0.00022578404649185838,0.4498872159975687,0.39237540771822593,0.3265024095467542,0.2811221827350199,0.55,0.0,0.45,0.0004515680929837309,0.0002765278951794059,0.00022578404649185838,0.3999613139992616,0.00022578404649185838,-0.10002236741322504,0.0,-0.10000000000000003,1.624569388634436e-13,1.624569388634436e-13,3.535700524657044e-07,3.177450092772238e-18,4.285364879140029e-06,0.9999999620902902,0.0825063707255311,-3.7908969750208676e-08,102400000,2.53196939999998,1.1535985999998957,3.893928700000288,stencil
lf,0.1,315,lf_r0.1,cuda:1,NVIDIA GeForce RTX 5060 Ti,0.5498473381583281,0.00030554671776640655,0.4498471151239055,0.32193165403126006,0.48613528404177603,0.19193306192696402,0.55,0.0,0.45,0.0006110934355328538,0.00037421680878726624,0.00030554671776640655,0.5957694431151092,0.00030554671776640655,-0.10003078711310057,0.0,-0.10000000000000003,3.6094768135390645e-13,3.6094768135390645e-13,1.0481247592867544e-06,3.892301235207681e-18,5.361643444504665e-06,0.9999999326796559,0.19548567146393,-6.731962262829634e-08,102400000,2.5831228000006377,3.843514299999697,6.563427400000364,stencil
lf,0.1,316,lf_r0.1,cuda:0,NVIDIA GeForce RTX 4080 SUPER,0.5498394992885404,0.0003220655923655072,0.4498384351190941,0.29891951946781575,0.4581410204609206,0.24293946007126374,0.55,0.0,0.45,0.0006441311847310907,0.0003944489002481149,0.0003220655923655072,0.5619685663173929,0.0003220655923655072,-0.1000332814474919,0.0,-0.10000000000000003,1.4202888373314002e-13,1.4202888373314002e-13,4.2974681369283904e-07,2.681148275072794e-18,2.1039481055785e-06,0.9999999324941127,0.20425727209475292,-6.750461753115294e-08,102400000,3.3847811000005095,3.0319757000006575,6.6281551000001855,stencil
lf,0.1,317,lf_r0.1,cuda:1,NVIDIA GeForce RTX 5060 Ti,0.5498429473292236,0.00031419164496905534,0.44984286102580734,0.43700456517109604,0.3018979079153078,0.2610975269135961,0.55,0.0,0.45,0.0006283832899382081,0.00038480461064897836,0.00031419164496905534,0.37362341927932236,0.00031419164496905534,-0.10003151536977901,0.0,-0.10000000000000003,2.525971106447845e-13,2.525971106447845e-13,8.413561884419744e-07,3.4407295680152355e-18,3.614010652989584e-06,0.9999999301061522,0.23280396087224717,-6.989290066453194e-08,102400000,3.3746211999996376,3.062818800000059,6.568446700000095,stencil
lf,0.1,318,lf_r0.1,cuda:0,NVIDIA GeForce RTX 4080 SUPER,0.5498829659999795,0.00023375617636095465,0.44988327782365944,0.3865636222109218,0.2672624676031675,0.3461739101859108,0.55,0.0,0.45,0.0004675123527220209,0.0002862917630623878,0.00023375617636095465,0.33003110929158147,0.00023375617636095468,-0.10002306918652104,0.0,-0.10000000000000003,1.5692786198299906e-13,1.5692786198299906e-13,5.635140669151565e-07,3.0101981015477807e-18,3.880165011650961e-06,0.9999999595563948,0.14522937325752072,-4.0442831080716075e-08,102400000,3.36418649999996,2.0040077000003294,5.5685051000000385,stencil
lf,0.1,319,lf_r0.1,cuda:1,NVIDIA GeForce RTX 5060 Ti,0.5498531386954373,0.00029279439072454964,0.4498540669138381,0.27405812095463594,0.3551656653557323,0.37077621368963165,0.55,0.0,0.45,0.0005855887814492095,0.00035859902907617097,0.00029279439072454964,0.45668695927956743,0.00029279439072454964,-0.10002835952418124,0.0,-0.10000000000000003,2.2374196060083134e-13,2.2374196060083134e-13,4.085124700645528e-06,2.7654855532673016e-18,3.5800669001925162e-06,0.9999999375034135,1.1410749704119338,-6.249581790948751e-08,102400000,3.345749699999942,3.775906599999871,7.330279799999516,stencil
lf,0.25,300,lf_r0.25,cuda:0,NVIDIA GeForce RTX 4080 SUPER,0.6247092049197202,0.0005777429151050985,0.37471305216517464,0.4017151332738966,0.29902918786126553,0.2992556788648379,0.625,0.0,0.375,0.0011554858302103045,0.000707592901730975,0.0005777429151050985,0.38080413480697445,0.0005777429151050985,-0.25014066975427574,0.0,-0.25,7.315289958594213e-13,7.315289958594213e-13,2.203070699903918e-06,3.4317292977234177e-18,7.951273432560772e-06,0.9999999079985109,0.27707136344211236,-9.200106594698972e-08,102400000,2.843260300000111,3.9726242000006096,6.981304099999761,stencil
lf,0.25,301,lf_r0.25,cuda:1,NVIDIA GeForce RTX 5060 Ti,0.6247821070266999,0.0004350882822112539,0.3747828046910887,0.2848122885822517,0.3635811477491726,0.3516065636685757,0.625,0.0,0.375,0.0008701765644226471,0.0005328723705955958,0.0004350882822112539,0.49846382302193537,0.00043508828221125396,-0.25010812144853933,0.0,-0.25,5.020936265835253e-13,5.020936265835253e-13,1.0514014726306059e-05,2.994218306215714e-18,8.98142490786742e-06,0.99999994409644,1.170639950769212,-5.590322978640731e-08,102400000,2.849961400000211,3.79503190000014,6.89133159999983,stencil
lf,0.25,302,lf_r0.25,cuda:0,NVIDIA GeForce RTX 4080 SUPER,0.6246497832689214,0.0006995847390704786,0.37465063199200804,0.39540557963147827,0.3303157175994765,0.2742787027690453,0.625,0.0,0.375,0.0013991694781410363,0.0008568130314578313,0.0006995847390704786,0.4146888603200005,0.0006995847390704786,-0.2501741693078708,0.0,-0.25,9.401409036282054e-13,9.401409036282054e-13,1.6951264475025806e-06,2.746031700716516e-18,7.511166479448091e-06,0.9999998748342344,0.2256807546699379,-1.251654157635861e-07,102400000,2.9059265000005325,3.830866899999819,6.884073199999875,stencil
lf,0.25,303,lf_r0.25,cuda:1,NVIDIA GeForce RTX 5060 Ti,0.6247842823570805,0.00043090856797520254,0.3747848090749444,0.3048562086859723,0.29735936614803954,0.39778442516598805,0.625,0.0,0.375,0.0008618171359503215,0.0005277531900874477,0.00043090856797520254,0.43753145005019706,0.00043090856797520254,-0.25010724663762496,0.0,-0.25,8.140066362551376e-13,8.140066362551376e-13,1.8579319395646276e-05,3.8535690046099766e-18,1.4051569804124585e-05,0.9999999420700572,1.3222237740643714,-5.792967200022979e-08,102400000,2.90135569999984,3.8301627000000735,6.9599388000006,stencil
lf,0.25,304,lf_r0.25,cuda:0,NVIDIA GeForce RTX 4080 SUPER,0.6248188020312367,0.000365077916618216,0.37481612005214504,0.3706252976534567,0.29786710452470405,0.3315075978218393,0.625,0.0,0.375,0.0007301558332364332,0.00044713132781026453,0.000365077916618216,0.39411025132448707,0.000365077916618216,-0.2500939857703755,0.0,-0.25,3.5604199362195836e-13,3.5604199362195836e-13,5.7140468422141335e-06,4.0076398146387314e-18,1.0362540491019803e-05,0.9999999656414377,0.5514136892830839,-3.435817679300175e-08,102400000,2.851426499999434,4.2441366000002745,7.336948900000607,stencil
lf,0.25,305,lf_r0.25,cuda:1,NVIDIA GeForce RTX 5060 Ti,0.6246594032969291,0.0006801305659672621,0.3746604661371035,0.29458552759162987,0.3434076409657779,0.36200683144259216,0.625,0.0,0.375,0.0013602611319345917,0.0008329867615749283,0.0006801305659672621,0.47672985419390657,0.0006801305659672621,-0.2501690848010589,0.0,-0.25,8.785475872737168e-13,8.785475872737168e-13,8.047770105504725e-06,2.9838926883840592e-18,6.752174137294935e-06,0.9999998698867106,1.1918783654627587,-1.3011286436450457e-07,102400000,2.842574900000727,3.7194683999996414,6.789025699999911,stencil
lf,0.25,306,lf_r0.25,cuda:0,NVIDIA GeForce RTX 4080 SUPER,0.6246930925339114,0.0006128949673531035,0.3746940124987356,0.4635138959374269,0.2897657031478401,0.24672040091473302,0.625,0.0,0.375,0.001225789934706165,0.0007506402498386,0.0006128949673531035,0.35566498290884246,0.0006128949673531035,-0.250152397180479,0.0,-0.25,1.9046186215556103e-12,1.9046186215556103e-12,5.940240518912583e-07,3.227304730797251e-18,1.4611350087215683e-05,0.9999998696480058,0.04065484853616387,-1.303517902967629e-07,102400000,2.9018599999999424,3.685592099999667,6.773742899999888,stencil
lf,0.25,307,lf_r0.25,cuda:1,NVIDIA GeForce RTX 5060 Ti,0.6245739822560954,0.000849465352489816,0.3745765523914147,0.3262695677158865,0.34445775283826474,0.32927267944584876,0.625,0.0,0.375,0.0016989307049797358,0.0010403799211916958,0.000849465352489816,0.4582379322012774,0.000849465352489816,-0.2502099745689244,0.0,-0.25,1.953732516606657e-12,1.953732516606657e-12,7.808283780251556e-06,3.585223811829142e-18,1.001698461734265e-05,0.9999998049580197,0.779504376590877,-1.950416604473506e-07,102400000,2.829592000000048,3.4442696000005526,6.504234500000166,stencil
lf,0.25,308,lf_r0.25,cuda:0,NVIDIA GeForce RTX 4080 SUPER,0.6247274037260948,0.0005422181818854436,0.37473037809201976,0.2827594100751109,0.33161605704951946,0.3856245328753697,0.625,0.0,0.375,0.0010844363637708778,0.0006640822679284975,0.0005422181818854436,0.4766662473723371,0.0005422181818854436,-0.2501326521059301,0.0,-0.25,1.2581971274462772e-12,1.2581971274462772e-12,1.6682826301536296e-05,3.0790701739856108e-18,1.2413708594447656e-05,0.9999998986445414,1.3439035246643811,-1.0135522082931042e-07,102400000,3.1037355000007665,3.889177799999743,7.166430000000219,stencil
lf,0.25,309,lf_r0.25,cuda:1,NVIDIA GeForce RTX 5060 Ti,0.6246340498656969,0.0007331100887811196,0.37463284004552205,0.4010800191403698,0.2573842277492827,0.3415357531103475,0.625,0.0,0.375,0.0014662201775621389,0.0008978732289367725,0.0007331100887811196,0.3427924362382627,0.0007331100887811196,-0.2501846226911276,0.0,-0.25,2.0466412748464095e-12,2.0466412748464095e-12,5.1049919375865e-06,3.666268082907855e-18,1.21687405840477e-05,0.9999998318115781,0.41951677039099844,-1.6818814886087077e-07,102400000,3.1056538000002547,3.4045155000003433,6.751661399999648,stencil
lf,0.25,310,lf_r0.25,cuda:0,NVIDIA GeForce RTX 4080 SUPER,0.624679236681043,0.0006411209394973093,0.37467964237945955,0.34351068769685866,0.3416890536590812,0.31480025864406014,0.625,0.0,0.375,0.001282241878994784,0.000785209634994743,0.0006411209394973093,0.446779197356654,0.0006411209394973094,-0.25015997710112714,0.0,-0.25,8.350931689366231e-13,8.350931689366231e-13,5.25828348116627e-06,3.8524096999861915e-18,8.440145702608365e-06,0.9999999010570199,0.6230085772948534,-9.894253352700756e-08,102400000,3.2279538000002503,3.548997099999724,6.930724200000441,stencil
lf,0.25,311,lf_r0.25,cuda:1,NVIDIA GeForce RTX 5060 Ti,0.6246352484185779,0.000726455476707888,0.3746382961047142,0.3344771841400748,0.3342398822587573,0.33128293360116795,0.625,0.0,0.375,0.001452910953415798,0.0008897252293004487,0.000726455476707888,0.44500672727729385,0.000726455476707888,-0.25017869599772685,0.0,-0.25,1.5449551598744628e-12,1.5449551598744628e-12,7.820879326179297e-06,4.2228550627868405e-18,1.061469586061209e-05,0.9999998544513022,0.7367972688283783,-1.4554832113634777e-07,102400000,3.244150599999557,3.726104700000178,7.215475200000583,stencil
lf,0.25,312,lf_r0.25,cuda:0,NVIDIA GeForce RTX 4080 SUPER,0.6247478114780881,0.0005036060908507196,0.37474858243106124,0.3519307954701807,0.2896822360109645,0.35838696851885476,0.625,0.0,0.375,0.0010072121817013696,0.0006167892178833246,0.0005036060908507196,0.3984452046867347,0.0005036060908507196,-0.2501251936180081,0.0,-0.25,6.775372739699045e-13,6.775372739699045e-13,7.232899220535696e-06,3.2374409619417918e-18,9.332046630886288e-06,0.9999999273967115,0.7750603221582653,-7.260294686887972e-08,102400000,3.158183300000019,3.4237678999998025,6.767209399999956,stencil
lf,0.25,313,lf_r0.25,cuda:1,NVIDIA GeForce RTX 5060 Ti,0.6247170106083348,0.00056933947520238,0.3747136499164627,0.40047584861282154,0.27973872927220583,0.3197854221149727,0.625,0.0,0.375,0.001138678950404815,0.0006972996516280094,0.00056933947520238,0.36292354680012545,0.00056933947520238,-0.2501457785581605,0.0,-0.25,1.0787560951068465e-12,1.0787560951068465e-12,3.8434818282850514e-06,3.6500242317537466e-18,1.1136291387261741e-05,0.9999999031314772,0.34513115616188567,-9.686820433000818e-08,102400000,3.167444099999557,3.793035400000008,7.161335599999802,stencil
lf,0.25,314,lf_r0.25,cuda:0,NVIDIA GeForce RTX 4080 SUPER,0.6246668225507314,0.0006681806183152284,0.3746649968309535,0.39237540771822593,0.3265024095467542,0.2811221827350199,0.625,0.0,0.375,0.001336361236630368,0.0008183518037277585,0.0006681806183152284,0.41174150743947957,0.0006681806183152284,-0.2501689837860473,0.0,-0.25,1.502418022851093e-12,1.502418022851093e-12,2.5939005171365027e-06,3.4917434739987656e-18,1.0621412215122742e-05,0.9999998585481862,0.24421417125088735,-1.4145150505389244e-07,102400000,3.0012102999999115,3.6015481999993426,6.815693600000486,stencil
lf,0.25,315,lf_r0.25,cuda:1,NVIDIA GeForce RTX 5060 Ti,0.6247358102439189,0.0005284383258101759,0.374735751430271,0.32193165403126006,0.48613528404177603,0.19193306192696402,0.625,0.0,0.375,0.001056876651620297,0.0006472021307189015,0.0005284383258101759,0.6014078820019263,0.0005284383258101759,-0.250132238274873,0.0,-0.25,1.1400912858347604e-12,1.1400912858347604e-12,3.2308121915093746e-06,4.1790266989481196e-18,1.391737219794289e-05,0.9999999180814259,0.23214233765761377,-8.191828054802574e-08,102400000,3.021705799999836,3.692565899999863,6.936506500000178,stencil
lf,0.25,316,lf_r0.25,cuda:0,NVIDIA GeForce RTX 4080 SUPER,0.6247226337061828,0.0005495814776231974,0.3747277848161941,0.29891951946781575,0.4581410204609206,0.24293946007126374,0.625,0.0,0.375,0.0010991629552463264,0.0006731069512246049,0.0005495814776231974,0.5776345389771488,0.0005495814776231974,-0.25013231697835486,0.0,-0.25,4.4577237301444057e-13,4.4577237301444057e-13,3.2640388308557303e-06,2.995394816730609e-18,6.376318745611944e-06,0.9999999300893837,0.5119001642633619,-6.991015138482648e-08,102400000,3.0207681000001685,3.987790400000449,7.1560779999999795,stencil
lf,0.25,317,lf_r0.25,cuda:1,NVIDIA GeForce RTX 5060 Ti,0.6246554168790982,0.0006860540084949289,0.3746585291124067,0.43700456517109604,0.3018979079153078,0.2610975269135961,0.625,0.0,0.375,0.001372108016990014,0.0008402440103066075,0.0006860540084949289,0.3734412988614774,0.000686054008494929,-0.2501685168804966,0.0,-0.25,1.2896784655194873e-12,1.2896784655194873e-12,8.659633648224787e-07,3.686769142475897e-18,9.75578943049531e-06,0.999999867803782,0.08876392790049936,-1.3219585748838957e-07,102400000,3.0274226000001363,3.5427872000000207,6.769875500000126,stencil
lf,0.25,318,lf_r0.25,cuda:0,NVIDIA GeForce RTX 4080 SUPER,0.6247987870513586,0.00040152951356663466,0.37479968343507475,0.3865636222109218,0.2672624676031675,0.3461739101859108,0.625,0.0,0.375,0.0008030590271332798,0.000491771620927311,0.00040152951356663466,0.3593216891539949,0.00040152951356663466,-0.25009952595728474,0.0,-0.25,4.808712759878324e-13,4.808712759878324e-13,4.863495503902802e-06,3.200161826267509e-18,9.597511404456563e-06,0.9999999498962537,0.5067454532486949,-5.010341531826786e-08,102400000,3.1014304000000266,3.7075230999998894,7.0096642000007705,stencil
lf,0.25,319,lf_r0.25,cuda:1,NVIDIA GeForce RTX 5060 Ti,0.6246960603255943,0.0006007918953124335,0.3747031477790932,0.27405812095463594,0.3551656653557323,0.37077621368963165,0.625,0.0,0.375,0.0012015837906249136,0.0007358338591069566,0.0006007918953124335,0.4993202305998292,0.0006007918953124335,-0.2501431965516569,0.0,-0.25,9.966943911315618e-13,9.966943911315618e-13,1.2642956765718991e-05,3.074655967344368e-18,9.140013409513328e-06,0.9999998909526336,1.3832536760336078,-1.0904704189216715e-07,102400000,3.1050365000000966,3.654051999999865,6.962988499999483,stencil
lf,0.4,300,lf_r0.4,cuda:0,NVIDIA GeForce RTX 4080 SUPER,0.6995133664787272,0.0009762232935342142,0.2995104102277386,0.4017151332738966,0.29902918786126553,0.2992556788648379,0.7,0.0,0.3,0.001952446587068354,0.0011956262994631992,0.0009762232935342142,0.42236580226709824,0.0009762232935342142,-0.4003938300344556,0.0,-0.39999999999999997,2.3763343005418286e-12,2.3763343005418286e-12,9.43779854124249e-06,3.872290218588375e-18,1.9146525400344273e-05,0.9999998758869167,0.4929248069256793,-1.241128963870705e-07,102400000,3.109653999999864,3.957074900000407,7.229431900000236,stencil
lf,0.4,301,lf_r0.4,cuda:1,NVIDIA GeForce RTX 5060 Ti,0.6995805578639003,0.0008388844168193173,0.29958055771928044,0.2848122885822517,0.3635811477491726,0.3516065636685757,0.7,0.0,0.3,0.0016777688336385471,0.0010274193871897524,0.0008388844168193173,0.5542881237448551,0.0008388844168193173,-0.4003358356386314,0.0,-0.39999999999999997,2.0475074412376687e-12,2.0475074412376687e-12,2.4809761179594093e-05,3.4252450822217435e-18,2.084479662645836e-05,0.9999999017736907,1.1902136544506683,-9.822615465158658e-08,102400000,3.133704600000783,3.998698499999591,7.349153000000115,stencil
lf,0.4,302,lf_r0.4,cuda:0,NVIDIA GeForce RTX 4080 SUPER,0.6995114438839666,0.0009802674748220959,0.29950828864121143,0.39540557963147827,0.3303157175994765,0.2742787027690453,0.7,0.0,0.3,0.0019605349496440343,0.0012005796354550582,0.0009802674748220959,0.45005312946821724,0.0009802674748220959,-0.4003956500755845,0.0,-0.39999999999999997,2.1276411656366995e-12,2.1276411656366995e-12,8.155522273829794e-06,3.213083329570376e-18,1.849502164078506e-05,0.9999998849614125,0.4409576394549207,-1.150384270230868e-07,102400000,3.0696255000002566,3.820022699999754,7.046143200000188,stencil
lf,0.4,303,lf_r0.4,cuda:1,NVIDIA GeForce RTX 5060 Ti,0.699544035068382,0.0009052259559034225,0.29955073897571444,0.3048562086859723,0.29735936614803954,0.39778442516598805,0.7,0.0,0.3,0.0018104519118068993,0.0011086809811883252,0.0009052259559034225,0.5041061418541043,0.0009052259559034225,-0.4003557084715702,0.0,-0.39999999999999997,4.05685744885762e-12,4.05685744885762e-12,4.233596372298402e-05,4.556015667478005e-18,3.253170506515198e-05,0.9999998752952715,1.301375530757899,-1.247046040355402e-07,102400000,3.0952962999999727,3.8905190999994375,7.246734899999865,stencil
lf,0.4,304,lf_r0.4,cuda:0,NVIDIA GeForce RTX 4080 SUPER,0.6996006410961972,0.0007921740184624696,0.2996071848853403,0.3706252976534567,0.29786710452470405,0.3315075978218393,0.7,0.0,0.3,0.0015843480369248466,0.000970222100283521,0.0007921740184624696,0.44520246542927827,0.0007921740184624696,-0.40031057184518853,0.0,-0.39999999999999997,1.9166423235256385e-12,1.9166423235256385e-12,1.8265516665919536e-05,4.632749992897958e-18,2.5152258974647014e-05,0.9999999237984022,0.7261978401045414,-7.620141947323479e-08,102400000,3.0634002999995573,4.207971999999245,7.474497900000642,stencil
lf,0.4,305,lf_r0.4,cuda:1,NVIDIA GeForce RTX 5060 Ti,0.6994990389430235,0.0010022781390647058,0.29949868291791176,0.29458552759162987,0.3434076409657779,0.36200683144259216,0.7,0.0,0.3,0.002004556278129433,0.0012275350363421308,0.0010022781390647058,0.5349154601031716,0.0010022781390647058,-0.4004016698656631,0.0,-0.39999999999999997,2.1399071684793214e-12,2.1399071684793214e-12,1.9458210946472793e-05,3.445443246276684e-18,1.6196059295501267e-05,0.999999867874825,1.2014164076869032,-1.3212497970822206e-07,102400000,3.1090268999996624,3.6720139999997627,6.9836772999997265,stencil
lf,0.4,306,lf_r0.4,cuda:0,NVIDIA GeForce RTX 4080 SUPER,0.6995763050504501,0.0008392449767096813,0.29958444997284017,0.4635138959374269,0.2897657031478401,0.24672040091473302,0.7,0.0,0.3,0.0016784899534193556,0.001027877116332013,0.0008392449767096813,0.37779433004499036,0.0008392449767096813,-0.4003278281964609,0.0,-0.39999999999999997,3.9080216837635475e-12,3.9080216837635475e-12,6.075832406577523e-06,3.716796771997027e-18,3.228144902700102e-05,0.9999998789390873,0.1882142660021022,-1.2106081225803372e-07,102400000,3.1733995000004143,3.5831859999998414,6.940373699999327,stencil
lf,0.4,307,lf_r0.4,cuda:1,NVIDIA GeForce RTX 5060 Ti,0.6996619228444111,0.0006718704457958268,0.29966620670979305,0.3262695677158865,0.34445775283826474,0.32927267944584876,0.7,0.0,0.3,0.0013437408915916347,0.0008228754581661293,0.0006718704457958268,0.5090996653579698,0.0006718704457958268,-0.40026464211815427,0.0,-0.39999999999999997,1.3978359051708055e-12,1.3978359051708055e-12,2.1734349522335624e-05,4.235187796843246e-18,2.4141694491852947e-05,0.999999942098683,0.9002826785949852,-5.790114490062127e-08,102400000,3.176726200000303,4.037540100000115,7.459697299999789,stencil
lf,0.4,308,lf_r0.4,cuda:0,NVIDIA GeForce RTX 4080 SUPER,0.6997238596541033,0.0005515552972429474,0.29972458504865357,0.2827594100751109,0.33161605704951946,0.3856245328753697,0.7,0.0,0.3,0.0011031105944859921,0.0006755147163266057,0.0005515552972429474,0.5398059649578401,0.0005515552972429475,-0.40022001807648255,0.0,-0.39999999999999997,1.431477006879363e-12,1.431477006879363e-12,3.700997539044648e-05,3.660945759374117e-18,2.7794603172660556e-05,0.9999999484980232,1.3315525908087187,-5.1501847706368635e-08,102400000,3.018665599999622,3.9390595000004396,7.146876099999645,stencil
lf,0.4,309,lf_r0.4,cuda:1,NVIDIA GeForce RTX 5060 Ti,0.6995179634183039,0.0009621006535598072,0.2995199359281363,0.4010800191403698,0.2573842277492827,0.3415357531103475,0.7,0.0,0.3,0.0019242013071195903,0.0011783286667003431,0.0009621006535598072,0.39664217430533033,0.0009621006535598072,-0.4003832364636436,0.0,-0.39999999999999997,3.984377102406647e-12,3.984377102406647e-12,1.7725547028224473e-05,4.186978385762134e-18,2.8378219624770754e-05,0.9999998595973547,0.6246179558455667,-1.404025174069398e-07,102400000,3.020204299999932,3.6398107999993954,6.912475600000107,stencil
lf,0.4,310,lf_r0.4,cuda:0,NVIDIA GeForce RTX 4080 SUPER,0.6997191352369061,0.0005567031148373515,0.29972416164825655,0.34351068769685866,0.3416890536590812,0.31480025864406014,0.7,0.0,0.3,0.0011134062296746495,0.0006818285484708865,0.0005567031148373515,0.4940193182788869,0.0005567031148373515,-0.4002177760712017,0.0,-0.39999999999999997,7.54026803616519e-13,7.54026803616519e-13,1.654167625296082e-05,4.638357656668869e-18,2.1293764403642374e-05,0.9999999645893141,0.7768319293443764,-3.541046935929878e-08,102400000,3.0976025999998456,4.030267900000581,7.274879399999918,stencil
lf,0.4,311,lf_r0.4,cuda:1,NVIDIA GeForce RTX 5060 Ti,0.6995532790225653,0.000890328768620044,0.2995563922088148,0.3344771841400748,0.3342398822587573,0.33128293360116795,0.7,0.0,0.3,0.0017806575372399298,0.0010904278152692626,0.000890328768620044,0.49628807132673636,0.000890328768620044,-0.40035333290364744,0.0,-0.39999999999999997,2.5706710517014477e-12,2.5706710517014477e-12,2.1916484787832658e-05,4.834809915608635e-18,2.5144162754623535e-05,0.9999998977627103,0.871633097181315,-1.0223710786460006e-07,102400000,3.102263500000845,4.329532499999914,7.703819600000315,stencil
lf,0.4,312,lf_r0.4,cuda:0,NVIDIA GeForce RTX 4080 SUPER,0.6996571918342753,0.0006848607070140142,0.29965794745871066,0.3519307954701807,0.2896822360109645,0.35838696851885476,0.7,0.0,0.3,0.001369721414027971,0.0008387798087112656,0.0006848607070140142,0.456592824182723,0.0006848607070140142,-0.4002733758827706,0.0,-0.39999999999999997,1.4266234402128638e-12,1.4266234402128638e-12,2.0177881706181566e-05,3.665435837660453e-18,2.2336549536263118e-05,0.9999999361305363,0.9033571427650476,-6.386930369788637e-08,102400000,2.9559761000000435,4.5195976999993945,7.640343099999882,stencil
lf,0.4,313,lf_r0.4,cuda:1,NVIDIA GeForce RTX 5060 Ti,0.6995468447104943,0.0008951273903840358,0.2995580278991218,0.40047584861282154,0.27973872927220583,0.3197854221149727,0.7,0.0,0.3,0.0017902547807678677,0.0010963311996734183,0.0008951273903840358,0.4103168737053175,0.0008951273903840358,-0.4003471785365435,0.0,-0.39999999999999997,3.0194877328381837e-12,3.0194877328381837e-12,1.4562669355023832e-05,4.189902461204092e-18,2.6139146504409568e-05,0.9999998844840733,0.557121022115222,-1.1551577979888624e-07,102400000,2.958927699999549,4.251675200000136,7.41369719999966,stencil
lf,0.4,314,lf_r0.4,cuda:0,NVIDIA GeForce RTX 4080 SUPER,0.6993720138138092,0.00124617846412618,0.2993818077220647,0.39237540771822593,0.3265024095467542,0.2811221827350199,0.7,0.0,0.3,0.0024923569282522375,0.001526266394505603,0.00124617846412618,0.448991186106202,0.00124617846412618,-0.40048928721658705,0.0,-0.39999999999999997,5.831371560340002e-12,5.831371560340002e-12,1.1198864755598677e-05,3.8492723558288174e-18,2.447167513599905e-05,0.9999997617093425,0.4576254600706564,-2.38290557071436e-07,102400000,3.0250060999997004,3.1708842999996705,6.397986699999819,stencil
lf,0.4,315,lf_r0.4,cuda:1,NVIDIA GeForce RTX 5060 Ti,0.6994365482729246,0.0011160558701439817,0.29944739585693136,0.32193165403126006,0.48613528404177603,0.19193306192696402,0.7,0.0,0.3,0.0022321117402879986,0.0013669052245725347,0.0011160558701439817,0.6252532700581409,0.001116055870143982,-0.40043606143297283,0.0,-0.39999999999999997,5.702009588010549e-12,5.702009588010549e-12,1.3779829136291852e-05,4.913720336493062e-18,3.2438863680845175e-05,0.9999998242228938,0.4247937286593991,-1.7577698567595783e-07,102400000,3.0280352999998286,4.003306100000373,7.240846800000327,stencil
lf,0.4,316,lf_r0.4,cuda:0,NVIDIA GeForce RTX 4080 SUPER,0.6995082614696618,0.0009795427396474897,0.2995121957906906,0.29891951946781575,0.4581410204609206,0.24293946007126374,0.7,0.0,0.3,0.0019590854792949997,0.0011996931722882992,0.0009795427396474897,0.6115673729932463,0.0009795427396474897,-0.40038826309512615,0.0,-0.39999999999999997,1.6283499442639146e-12,1.6283499442639146e-12,1.0946446295700777e-05,3.518225167971396e-18,1.6013356811736913e-05,0.9999998983130168,0.6835822063515588,-1.016867737829279e-07,102400000,2.7090707999996084,4.374632800000654,7.22482410000066,stencil
lf,0.4,317,lf_r0.4,cuda:1,NVIDIA GeForce RTX 5060 Ti,0.6995579384825638,0.0008791509417472819,0.29956291057568896,0.43700456517109604,0.3018979079153078,0.2610975269135961,0.7,0.0,0.3,0.0017583018834945129,0.0010767413470363608,0.0008791509417472819,0.4022714853885648,0.0008791509417472819,-0.4003469933430981,0.0,-0.39999999999999997,2.417694166218466e-12,2.417694166218466e-12,6.658079009552483e-06,4.249920060185402e-18,2.343026253829719e-05,0.999999896813185,0.2841657138071482,-1.0318664427342183e-07,102400000,2.7396183000000747,3.772729399999662,6.734229299999242,stencil
lf,0.4,318,lf_r0.4,cuda:0,NVIDIA GeForce RTX 4080 SUPER,0.6995556125924225,0.0008820589829152495,0.2995623284246623,0.3865636222109218,0.2672624676031675,0.3461739101859108,0.7,0.0,0.3,0.0017641179658304065,0.0010803076530384672,0.0008820589829152495,0.4144920017234693,0.0008820589829152495,-0.40034641331790516,0.0,-0.39999999999999997,2.523662369723828e-12,2.523662369723828e-12,1.536770466791241e-05,3.812524658004812e-18,2.1964710065310788e-05,0.9999998851037705,0.6996543029362238,-1.14896069178883e-07,102400000,2.8043215000006967,4.1162692000007155,7.113353300000199,stencil
lf,0.4,319,lf_r0.4,cuda:1,NVIDIA GeForce RTX 5060 Ti,0.6995188872390397,0.0009603512590835047,0.29952076150187684,0.27405812095463594,0.3551656653557323,0.37077621368963165,0.7,0.0,0.3,0.0019207025181669519,0.001176186025960794,0.0009603512590835047,0.5590871189685164,0.0009603512590835047,-0.40038263370355515,0.0,-0.39999999999999997,2.8142406177912307e-12,2.8142406177912307e-12,2.8474841200634095e-05,3.600547419087874e-18,2.1266511313410292e-05,0.9999998676679698,1.3389522021212483,-1.3233187842535083e-07,102400000,2.85782029999973,3.3453520000002754,6.346405100000084,stencil
