pde,r,seed,reference_scope,scope_label,evaluation_scope,weighting,n_modes,mode_min,mode_max,rmse_reference,rmse_identity,delta_identity_minus_pde,closer_reference
heat,0.1,100,full_one_step,k1_5_empirical_power,empirical_training_spectrum_k1_5,empirical_training_power,5,1,5,0.0017950022135787,0.0041948550576998,0.0023998528441210995,PDE reference
heat,0.1,101,full_one_step,k1_5_empirical_power,empirical_training_spectrum_k1_5,empirical_training_power,5,1,5,0.0017552197700945,0.0043494770158651,0.0025942572457706,PDE reference
heat,0.1,102,full_one_step,k1_5_empirical_power,empirical_training_spectrum_k1_5,empirical_training_power,5,1,5,0.001952244498177,0.0041092184284789,0.0021569739303019,PDE reference
heat,0.1,103,full_one_step,k1_5_empirical_power,empirical_training_spectrum_k1_5,empirical_training_power,5,1,5,0.001522219723705,0.0044877617209078,0.0029655419972028003,PDE reference
heat,0.1,104,full_one_step,k1_5_empirical_power,empirical_training_spectrum_k1_5,empirical_training_power,5,1,5,0.0028549343812471,0.0035762492602508,0.0007213148790037004,PDE reference
heat,0.1,105,full_one_step,k1_5_empirical_power,empirical_training_spectrum_k1_5,empirical_training_power,5,1,5,0.002097059511092,0.0040256679095275,0.0019286083984355004,PDE reference
heat,0.1,106,full_one_step,k1_5_empirical_power,empirical_training_spectrum_k1_5,empirical_training_power,5,1,5,0.0013565312894867,0.00464800326846,0.0032914719789733002,PDE reference
heat,0.1,107,full_one_step,k1_5_empirical_power,empirical_training_spectrum_k1_5,empirical_training_power,5,1,5,0.0010034540813661,0.0049477432049167,0.0039442891235506004,PDE reference
heat,0.1,108,full_one_step,k1_5_empirical_power,empirical_training_spectrum_k1_5,empirical_training_power,5,1,5,0.0015637629940769,0.0044747400199716,0.0029109770258947004,PDE reference
heat,0.1,109,full_one_step,k1_5_empirical_power,empirical_training_spectrum_k1_5,empirical_training_power,5,1,5,0.0026019072532424,0.0036712721536889,0.0010693649004465,PDE reference
heat,0.1,110,full_one_step,k1_5_empirical_power,empirical_training_spectrum_k1_5,empirical_training_power,5,1,5,0.0017024477211627,0.0043723594810354,0.0026699117598727,PDE reference
heat,0.1,111,full_one_step,k1_5_empirical_power,empirical_training_spectrum_k1_5,empirical_training_power,5,1,5,0.0020968169813348,0.0040786193993218,0.001981802417987,PDE reference
heat,0.1,112,full_one_step,k1_5_empirical_power,empirical_training_spectrum_k1_5,empirical_training_power,5,1,5,0.0015034855173011,0.0045700169783517,0.0030665314610505996,PDE reference
heat,0.1,113,full_one_step,k1_5_empirical_power,empirical_training_spectrum_k1_5,empirical_training_power,5,1,5,0.0020490015786255,0.0041761413818446,0.0021271398032191,PDE reference
heat,0.1,114,full_one_step,k1_5_empirical_power,empirical_training_spectrum_k1_5,empirical_training_power,5,1,5,0.0017223915208689,0.0043217680427282,0.0025993765218592993,PDE reference
heat,0.1,115,full_one_step,k1_5_empirical_power,empirical_training_spectrum_k1_5,empirical_training_power,5,1,5,0.0012923667360611,0.0046680905252306,0.0033757237891695003,PDE reference
heat,0.1,116,full_one_step,k1_5_empirical_power,empirical_training_spectrum_k1_5,empirical_training_power,5,1,5,0.0017536382376293,0.0043197711928714,0.0025661329552421003,PDE reference
heat,0.1,117,full_one_step,k1_5_empirical_power,empirical_training_spectrum_k1_5,empirical_training_power,5,1,5,0.0020320714068152,0.0039926912081386,0.0019606198013234,PDE reference
heat,0.1,118,full_one_step,k1_5_empirical_power,empirical_training_spectrum_k1_5,empirical_training_power,5,1,5,0.0017390999265351,0.0043171249422474,0.0025780250157123002,PDE reference
heat,0.1,119,full_one_step,k1_5_empirical_power,empirical_training_spectrum_k1_5,empirical_training_power,5,1,5,0.0017088675505034,0.0043403487214059,0.0026314811709025002,PDE reference
heat,0.1,100,full_one_step,k1_5_uniform,in_support_k1_5,uniform,5,1,5,0.0044037033530956,0.0089487227776227,0.0045450194245271,PDE reference
heat,0.1,101,full_one_step,k1_5_uniform,in_support_k1_5,uniform,5,1,5,0.0044681635505626,0.0090484855390404,0.0045803219884778,PDE reference
heat,0.1,102,full_one_step,k1_5_uniform,in_support_k1_5,uniform,5,1,5,0.0047311532234725,0.0086531678191339,0.003922014595661399,PDE reference
heat,0.1,103,full_one_step,k1_5_uniform,in_support_k1_5,uniform,5,1,5,0.0037945967104891,0.0095883713522624,0.005793774641773299,PDE reference
heat,0.1,104,full_one_step,k1_5_uniform,in_support_k1_5,uniform,5,1,5,0.0072661406594618,0.0066736344617538,-0.0005925061977080006,identity
heat,0.1,105,full_one_step,k1_5_uniform,in_support_k1_5,uniform,5,1,5,0.0052977902379198,0.0082342611920796,0.0029364709541598,PDE reference
heat,0.1,106,full_one_step,k1_5_uniform,in_support_k1_5,uniform,5,1,5,0.0033603224534482,0.0100003938266369,0.0066400713731886996,PDE reference
heat,0.1,107,full_one_step,k1_5_uniform,in_support_k1_5,uniform,5,1,5,0.0024558152835987,0.0108645090937119,0.0084086938101132,PDE reference
heat,0.1,108,full_one_step,k1_5_uniform,in_support_k1_5,uniform,5,1,5,0.0038886800256234,0.0095030520967496,0.0056143720711262,PDE reference
heat,0.1,109,full_one_step,k1_5_uniform,in_support_k1_5,uniform,5,1,5,0.0065544251233394,0.0071268630422923,0.0005724379189528993,PDE reference
heat,0.1,110,full_one_step,k1_5_uniform,in_support_k1_5,uniform,5,1,5,0.0042503524315906,0.0091813599985739,0.004931007566983301,PDE reference
heat,0.1,111,full_one_step,k1_5_uniform,in_support_k1_5,uniform,5,1,5,0.0052879026559693,0.0082843580192896,0.0029964553633202995,PDE reference
heat,0.1,112,full_one_step,k1_5_uniform,in_support_k1_5,uniform,5,1,5,0.0037895940999804,0.0096637340098366,0.0058741399098562,PDE reference
heat,0.1,113,full_one_step,k1_5_uniform,in_support_k1_5,uniform,5,1,5,0.0052113538813165,0.0084257653145532,0.0032144114332366995,PDE reference
heat,0.1,114,full_one_step,k1_5_uniform,in_support_k1_5,uniform,5,1,5,0.0042411170233221,0.0091538209823928,0.0049127039590707005,PDE reference
heat,0.1,115,full_one_step,k1_5_uniform,in_support_k1_5,uniform,5,1,5,0.0031632465308519,0.0101554708353284,0.0069922243044765,PDE reference
heat,0.1,116,full_one_step,k1_5_uniform,in_support_k1_5,uniform,5,1,5,0.0043738176614911,0.0090561060264067,0.004682288364915599,PDE reference
heat,0.1,117,full_one_step,k1_5_uniform,in_support_k1_5,uniform,5,1,5,0.0049967544367179,0.0083871664552587,0.0033904120185408006,PDE reference
heat,0.1,118,full_one_step,k1_5_uniform,in_support_k1_5,uniform,5,1,5,0.0043551900811449,0.0090806790075751,0.0047254889264302,PDE reference
heat,0.1,119,full_one_step,k1_5_uniform,in_support_k1_5,uniform,5,1,5,0.004278756919992,0.0091441543529162,0.0048653974329241996,PDE reference
heat,0.1,100,full_one_step,k6_8_uniform,near_support_k6_8,uniform,3,6,8,0.0395425549598215,0.0076087860941717,-0.0319337688656498,identity
heat,0.1,101,full_one_step,k6_8_uniform,near_support_k6_8,uniform,3,6,8,0.0405974967341505,0.0068465553862041,-0.0337509413479464,identity
heat,0.1,102,full_one_step,k6_8_uniform,near_support_k6_8,uniform,3,6,8,0.0410049131304154,0.0061327640904906,-0.0348721490399248,identity
heat,0.1,103,full_one_step,k6_8_uniform,near_support_k6_8,uniform,3,6,8,0.0386685388184174,0.0085687183837234,-0.030099820434694,identity
heat,0.1,104,full_one_step,k6_8_uniform,near_support_k6_8,uniform,3,6,8,0.0394358707961148,0.0081023499826826,-0.0313335208134322,identity
heat,0.1,105,full_one_step,k6_8_uniform,near_support_k6_8,uniform,3,6,8,0.0394491677101255,0.0078706270515499,-0.0315785406585756,identity
heat,0.1,106,full_one_step,k6_8_uniform,near_support_k6_8,uniform,3,6,8,0.0390314290255849,0.0082710779983574,-0.030760351027227503,identity
heat,0.1,107,full_one_step,k6_8_uniform,near_support_k6_8,uniform,3,6,8,0.0384556258154139,0.0092129780936042,-0.029242647721809706,identity
heat,0.1,108,full_one_step,k6_8_uniform,near_support_k6_8,uniform,3,6,8,0.03843220091006,0.0087872998141469,-0.029644901095913098,identity
heat,0.1,109,full_one_step,k6_8_uniform,near_support_k6_8,uniform,3,6,8,0.0401081471154331,0.0071774564721314,-0.032930690643301695,identity
heat,0.1,110,full_one_step,k6_8_uniform,near_support_k6_8,uniform,3,6,8,0.0407616328456945,0.0070319712717615,-0.033729661573933,identity
heat,0.1,111,full_one_step,k6_8_uniform,near_support_k6_8,uniform,3,6,8,0.0396813738489883,0.0079431979454003,-0.031738175903588,identity
heat,0.1,112,full_one_step,k6_8_uniform,near_support_k6_8,uniform,3,6,8,0.0391010178118175,0.0081408979288032,-0.030960119883014295,identity
heat,0.1,113,full_one_step,k6_8_uniform,near_support_k6_8,uniform,3,6,8,0.0396680702215094,0.0075902939277889,-0.0320777762937205,identity
heat,0.1,114,full_one_step,k6_8_uniform,near_support_k6_8,uniform,3,6,8,0.039926504500025,0.0071746291014894,-0.0327518753985356,identity
heat,0.1,115,full_one_step,k6_8_uniform,near_support_k6_8,uniform,3,6,8,0.0386192403424024,0.0084878384877835,-0.0301314018546189,identity
heat,0.1,116,full_one_step,k6_8_uniform,near_support_k6_8,uniform,3,6,8,0.0399560780293606,0.0071393839523895,-0.032816694076971104,identity
heat,0.1,117,full_one_step,k6_8_uniform,near_support_k6_8,uniform,3,6,8,0.0395269321846174,0.0076560550702079,-0.0318708771144095,identity
heat,0.1,118,full_one_step,k6_8_uniform,near_support_k6_8,uniform,3,6,8,0.0392333019585938,0.0083877201870398,-0.030845581771553998,identity
heat,0.1,119,full_one_step,k6_8_uniform,near_support_k6_8,uniform,3,6,8,0.0386534376560457,0.0085595879837505,-0.030093849672295205,identity
heat,0.1,100,full_one_step,k9_32_uniform,spectral_extrapolation_k9_nyquist,uniform,24,9,32,0.2795879367503031,0.0093011008553977,-0.2702868358949054,identity
heat,0.1,101,full_one_step,k9_32_uniform,spectral_extrapolation_k9_nyquist,uniform,24,9,32,0.2825929398060247,0.0059072702734826,-0.2766856695325421,identity
heat,0.1,102,full_one_step,k9_32_uniform,spectral_extrapolation_k9_nyquist,uniform,24,9,32,0.2814710719667408,0.0072703606290978,-0.274200711337643,identity
heat,0.1,103,full_one_step,k9_32_uniform,spectral_extrapolation_k9_nyquist,uniform,24,9,32,0.279832514410951,0.0089716803289707,-0.2708608340819803,identity
heat,0.1,104,full_one_step,k9_32_uniform,spectral_extrapolation_k9_nyquist,uniform,24,9,32,0.2822494909371,0.0062628981050464,-0.2759865928320536,identity
heat,0.1,105,full_one_step,k9_32_uniform,spectral_extrapolation_k9_nyquist,uniform,24,9,32,0.2805057527227864,0.0082736042516724,-0.272232148471114,identity
heat,0.1,106,full_one_step,k9_32_uniform,spectral_extrapolation_k9_nyquist,uniform,24,9,32,0.2793851528760595,0.0095253764585669,-0.2698597764174926,identity
heat,0.1,107,full_one_step,k9_32_uniform,spectral_extrapolation_k9_nyquist,uniform,24,9,32,0.2805730134015535,0.0081013331174539,-0.27247168028409957,identity
heat,0.1,108,full_one_step,k9_32_uniform,spectral_extrapolation_k9_nyquist,uniform,24,9,32,0.2786233092289407,0.0103391404703013,-0.26828416875863936,identity
heat,0.1,109,full_one_step,k9_32_uniform,spectral_extrapolation_k9_nyquist,uniform,24,9,32,0.2815520441693442,0.0071069406795644,-0.2744451034897798,identity
heat,0.1,110,full_one_step,k9_32_uniform,spectral_extrapolation_k9_nyquist,uniform,24,9,32,0.2820067739646078,0.0065636411887668,-0.27544313277584104,identity
heat,0.1,111,full_one_step,k9_32_uniform,spectral_extrapolation_k9_nyquist,uniform,24,9,32,0.280826786305144,0.0078974648016989,-0.2729293215034451,identity
heat,0.1,112,full_one_step,k9_32_uniform,spectral_extrapolation_k9_nyquist,uniform,24,9,32,0.2802849578267576,0.0084671582574131,-0.2718177995693445,identity
heat,0.1,113,full_one_step,k9_32_uniform,spectral_extrapolation_k9_nyquist,uniform,24,9,32,0.281002737190721,0.0076849982226876,-0.2733177389680334,identity
heat,0.1,114,full_one_step,k9_32_uniform,spectral_extrapolation_k9_nyquist,uniform,24,9,32,0.2802258725755349,0.0085986809868458,-0.2716271915886891,identity
heat,0.1,115,full_one_step,k9_32_uniform,spectral_extrapolation_k9_nyquist,uniform,24,9,32,0.278733796233046,0.0102263662564898,-0.2685074299765562,identity
heat,0.1,116,full_one_step,k9_32_uniform,spectral_extrapolation_k9_nyquist,uniform,24,9,32,0.2803356634631804,0.0084860137376898,-0.2718496497254906,identity
heat,0.1,117,full_one_step,k9_32_uniform,spectral_extrapolation_k9_nyquist,uniform,24,9,32,0.2798213968379829,0.0090335530729717,-0.2707878437650112,identity
heat,0.1,118,full_one_step,k9_32_uniform,spectral_extrapolation_k9_nyquist,uniform,24,9,32,0.2803882845289698,0.0083593599485313,-0.2720289245804385,identity
heat,0.1,119,full_one_step,k9_32_uniform,spectral_extrapolation_k9_nyquist,uniform,24,9,32,0.278849236057812,0.0100987662742579,-0.2687504697835541,identity
heat,0.25,100,full_one_step,k1_5_empirical_power,empirical_training_spectrum_k1_5,empirical_training_power,5,1,5,0.0088298919040299,0.0076619922477626,-0.001167899656267301,identity
heat,0.25,101,full_one_step,k1_5_empirical_power,empirical_training_spectrum_k1_5,empirical_training_power,5,1,5,0.0069633883375965,0.0088735314923359,0.0019101431547393997,PDE reference
heat,0.25,102,full_one_step,k1_5_empirical_power,empirical_training_spectrum_k1_5,empirical_training_power,5,1,5,0.0086977392510879,0.0070509451775335,-0.0016467940735543996,identity
heat,0.25,103,full_one_step,k1_5_empirical_power,empirical_training_spectrum_k1_5,empirical_training_power,5,1,5,0.0063428249070802,0.0091737602783131,0.002830935371232899,PDE reference
heat,0.25,104,full_one_step,k1_5_empirical_power,empirical_training_spectrum_k1_5,empirical_training_power,5,1,5,0.0100798145686669,0.0070668732112839,-0.003012941357383,identity
heat,0.25,105,full_one_step,k1_5_empirical_power,empirical_training_spectrum_k1_5,empirical_training_power,5,1,5,0.0089287517666449,0.0070299066726965,-0.0018988450939484008,identity
heat,0.25,106,full_one_step,k1_5_empirical_power,empirical_training_spectrum_k1_5,empirical_training_power,5,1,5,0.0061311185501195,0.0091034919749909,0.0029723734248714006,PDE reference
heat,0.25,107,full_one_step,k1_5_empirical_power,empirical_training_spectrum_k1_5,empirical_training_power,5,1,5,0.0085759145537223,0.0076547937178211,-0.000921120835901199,identity
heat,0.25,108,full_one_step,k1_5_empirical_power,empirical_training_spectrum_k1_5,empirical_training_power,5,1,5,0.0059910954311029,0.0092796543650676,0.0032885589339646994,PDE reference
heat,0.25,109,full_one_step,k1_5_empirical_power,empirical_training_spectrum_k1_5,empirical_training_power,5,1,5,0.0082315200287577,0.0076277207094507,-0.0006037993193070005,identity
heat,0.25,110,full_one_step,k1_5_empirical_power,empirical_training_spectrum_k1_5,empirical_training_power,5,1,5,0.0074123632298454,0.008275160972109,0.0008627977422635998,PDE reference
heat,0.25,111,full_one_step,k1_5_empirical_power,empirical_training_spectrum_k1_5,empirical_training_power,5,1,5,0.0088839463751557,0.0067967682722554,-0.0020871781029002997,identity
heat,0.25,112,full_one_step,k1_5_empirical_power,empirical_training_spectrum_k1_5,empirical_training_power,5,1,5,0.0063165300995766,0.0090865855763026,0.0027700554767260003,PDE reference
heat,0.25,113,full_one_step,k1_5_empirical_power,empirical_training_spectrum_k1_5,empirical_training_power,5,1,5,0.0062522230138943,0.0092996200936803,0.0030473970797859993,PDE reference
heat,0.25,114,full_one_step,k1_5_empirical_power,empirical_training_spectrum_k1_5,empirical_training_power,5,1,5,0.0081542137453548,0.0076668673201064,-0.0004873464252483995,identity
heat,0.25,115,full_one_step,k1_5_empirical_power,empirical_training_spectrum_k1_5,empirical_training_power,5,1,5,0.0069085356952073,0.0084306766936519,0.0015221409984445995,PDE reference
heat,0.25,116,full_one_step,k1_5_empirical_power,empirical_training_spectrum_k1_5,empirical_training_power,5,1,5,0.0075229371326396,0.0078272135714431,0.0003042764388035005,PDE reference
heat,0.25,117,full_one_step,k1_5_empirical_power,empirical_training_spectrum_k1_5,empirical_training_power,5,1,5,0.0078154859284293,0.0078086715381071,-6.814390322198993e-06,identity
heat,0.25,118,full_one_step,k1_5_empirical_power,empirical_training_spectrum_k1_5,empirical_training_power,5,1,5,0.0066334204058253,0.0089928844251453,0.002359464019320001,PDE reference
heat,0.25,119,full_one_step,k1_5_empirical_power,empirical_training_spectrum_k1_5,empirical_training_power,5,1,5,0.0074405361796052,0.0080933877842164,0.0006528516046112008,PDE reference
heat,0.25,100,full_one_step,k1_5_uniform,in_support_k1_5,uniform,5,1,5,0.0223660482251861,0.013080445152954,-0.009285603072232099,identity
heat,0.25,101,full_one_step,k1_5_uniform,in_support_k1_5,uniform,5,1,5,0.0176207278365467,0.0168770901886016,-0.0007436376479450987,identity
heat,0.25,102,full_one_step,k1_5_uniform,in_support_k1_5,uniform,5,1,5,0.0213732626101802,0.0127129052530134,-0.008660357357166798,identity
heat,0.25,103,full_one_step,k1_5_uniform,in_support_k1_5,uniform,5,1,5,0.0156831758311228,0.0182310385122958,0.0025478626811730014,PDE reference
heat,0.25,104,full_one_step,k1_5_uniform,in_support_k1_5,uniform,5,1,5,0.0254187784350181,0.011019251954085,-0.014399526480933102,identity
heat,0.25,105,full_one_step,k1_5_uniform,in_support_k1_5,uniform,5,1,5,0.0221994641059113,0.0122615175958327,-0.009937946510078599,identity
heat,0.25,106,full_one_step,k1_5_uniform,in_support_k1_5,uniform,5,1,5,0.0150170436934812,0.0185537430285146,0.003536699335033401,PDE reference
heat,0.25,107,full_one_step,k1_5_uniform,in_support_k1_5,uniform,5,1,5,0.0216414906164461,0.0133592159907642,-0.008282274625681898,identity
heat,0.25,108,full_one_step,k1_5_uniform,in_support_k1_5,uniform,5,1,5,0.0147039112184416,0.0188960596806951,0.004192148462253501,PDE reference
heat,0.25,109,full_one_step,k1_5_uniform,in_support_k1_5,uniform,5,1,5,0.0206850175694711,0.0138878876844528,-0.006797129885018299,identity
heat,0.25,110,full_one_step,k1_5_uniform,in_support_k1_5,uniform,5,1,5,0.0185559468312962,0.0156435334517705,-0.002912413379525698,identity
heat,0.25,111,full_one_step,k1_5_uniform,in_support_k1_5,uniform,5,1,5,0.0217956630567126,0.0122285906458499,-0.0095670724108627,identity
heat,0.25,112,full_one_step,k1_5_uniform,in_support_k1_5,uniform,5,1,5,0.0155737655038977,0.0182161329305755,0.002642367426677802,PDE reference
heat,0.25,113,full_one_step,k1_5_uniform,in_support_k1_5,uniform,5,1,5,0.015713910964532,0.0183434902658119,0.0026295793012799003,PDE reference
heat,0.25,114,full_one_step,k1_5_uniform,in_support_k1_5,uniform,5,1,5,0.0201191801259961,0.0141141622385775,-0.0060050178874186,identity
heat,0.25,115,full_one_step,k1_5_uniform,in_support_k1_5,uniform,5,1,5,0.016919385997185,0.0167376526641884,-0.00018173333299659894,identity
heat,0.25,116,full_one_step,k1_5_uniform,in_support_k1_5,uniform,5,1,5,0.0184063686172801,0.0152756706672305,-0.0031306979500496015,identity
heat,0.25,117,full_one_step,k1_5_uniform,in_support_k1_5,uniform,5,1,5,0.0192614078267769,0.0147586391004568,-0.004502768726320102,identity
heat,0.25,118,full_one_step,k1_5_uniform,in_support_k1_5,uniform,5,1,5,0.0165899766970732,0.0175326838859489,0.0009427071888757008,PDE reference
heat,0.25,119,full_one_step,k1_5_uniform,in_support_k1_5,uniform,5,1,5,0.0184638163820653,0.0155009293536565,-0.0029628870284088005,identity
heat,0.25,100,full_one_step,k6_8_uniform,near_support_k6_8,uniform,3,6,8,0.1028857951084863,0.0151009728059988,-0.0877848223024875,identity
heat,0.25,101,full_one_step,k6_8_uniform,near_support_k6_8,uniform,3,6,8,0.1013617090541069,0.0170954804749901,-0.0842662285791168,identity
heat,0.25,102,full_one_step,k6_8_uniform,near_support_k6_8,uniform,3,6,8,0.1056806165325834,0.0119776760528894,-0.09370294047969399,identity
heat,0.25,103,full_one_step,k6_8_uniform,near_support_k6_8,uniform,3,6,8,0.1030011598315893,0.0148464598162303,-0.08815470001535901,identity
heat,0.25,104,full_one_step,k6_8_uniform,near_support_k6_8,uniform,3,6,8,0.1037876376559058,0.0138904458948349,-0.0898971917610709,identity
heat,0.25,105,full_one_step,k6_8_uniform,near_support_k6_8,uniform,3,6,8,0.1053874579022508,0.0123348131392918,-0.093052644762959,identity
heat,0.25,106,full_one_step,k6_8_uniform,near_support_k6_8,uniform,3,6,8,0.1010663467978171,0.0168993342548606,-0.0841670125429565,identity
heat,0.25,107,full_one_step,k6_8_uniform,near_support_k6_8,uniform,3,6,8,0.1033254285531599,0.0143645597090502,-0.0889608688441097,identity
heat,0.25,108,full_one_step,k6_8_uniform,near_support_k6_8,uniform,3,6,8,0.1013782541301409,0.0164932978291721,-0.0848849563009688,identity
heat,0.25,109,full_one_step,k6_8_uniform,near_support_k6_8,uniform,3,6,8,0.1032401991305309,0.0143458122367269,-0.088894386893804,identity
heat,0.25,110,full_one_step,k6_8_uniform,near_support_k6_8,uniform,3,6,8,0.1041151739918646,0.0146978359743845,-0.0894173380174801,identity
heat,0.25,111,full_one_step,k6_8_uniform,near_support_k6_8,uniform,3,6,8,0.1060130010694042,0.0117067205105331,-0.0943062805588711,identity
heat,0.25,112,full_one_step,k6_8_uniform,near_support_k6_8,uniform,3,6,8,0.1042718602434271,0.0134987915437533,-0.0907730686996738,identity
heat,0.25,113,full_one_step,k6_8_uniform,near_support_k6_8,uniform,3,6,8,0.1029568611856313,0.014896305055058,-0.0880605561305733,identity
heat,0.25,114,full_one_step,k6_8_uniform,near_support_k6_8,uniform,3,6,8,0.1060199913052411,0.0116226290302996,-0.0943973622749415,identity
heat,0.25,115,full_one_step,k6_8_uniform,near_support_k6_8,uniform,3,6,8,0.1034718345685458,0.0143559915654194,-0.0891158430031264,identity
heat,0.25,116,full_one_step,k6_8_uniform,near_support_k6_8,uniform,3,6,8,0.1038220483541144,0.014051278094208,-0.0897707702599064,identity
heat,0.25,117,full_one_step,k6_8_uniform,near_support_k6_8,uniform,3,6,8,0.1049410750767902,0.0128010547580311,-0.09214002031875909,identity
heat,0.25,118,full_one_step,k6_8_uniform,near_support_k6_8,uniform,3,6,8,0.1028424274942259,0.0148798051553867,-0.0879626223388392,identity
heat,0.25,119,full_one_step,k6_8_uniform,near_support_k6_8,uniform,3,6,8,0.1040835321087028,0.0136747122873791,-0.0904088198213237,identity
heat,0.25,100,full_one_step,k9_32_uniform,spectral_extrapolation_k9_nyquist,uniform,24,9,32,0.7086819570457519,0.0124823986953188,-0.6961995583504331,identity
heat,0.25,101,full_one_step,k9_32_uniform,spectral_extrapolation_k9_nyquist,uniform,24,9,32,0.7073463041701192,0.0138747284705574,-0.6934715756995619,identity
heat,0.25,102,full_one_step,k9_32_uniform,spectral_extrapolation_k9_nyquist,uniform,24,9,32,0.7084913749227452,0.0128080585981489,-0.6956833163245962,identity
heat,0.25,103,full_one_step,k9_32_uniform,spectral_extrapolation_k9_nyquist,uniform,24,9,32,0.7060915462339666,0.0154260880066518,-0.6906654582273148,identity
heat,0.25,104,full_one_step,k9_32_uniform,spectral_extrapolation_k9_nyquist,uniform,24,9,32,0.7094925837101291,0.0116307750818272,-0.6978618086283019,identity
heat,0.25,105,full_one_step,k9_32_uniform,spectral_extrapolation_k9_nyquist,uniform,24,9,32,0.7083537969193716,0.0129600813696323,-0.6953937155497393,identity
heat,0.25,106,full_one_step,k9_32_uniform,spectral_extrapolation_k9_nyquist,uniform,24,9,32,0.7028332988293602,0.0190000166731627,-0.6838332821561974,identity
heat,0.25,107,full_one_step,k9_32_uniform,spectral_extrapolation_k9_nyquist,uniform,24,9,32,0.7082800401414425,0.0129386100559961,-0.6953414300854465,identity
heat,0.25,108,full_one_step,k9_32_uniform,spectral_extrapolation_k9_nyquist,uniform,24,9,32,0.7032327266874893,0.0185714918443358,-0.6846612348431534,identity
heat,0.25,109,full_one_step,k9_32_uniform,spectral_extrapolation_k9_nyquist,uniform,24,9,32,0.7080372215687359,0.0132061303902385,-0.6948310911784974,identity
heat,0.25,110,full_one_step,k9_32_uniform,spectral_extrapolation_k9_nyquist,uniform,24,9,32,0.7108720361228891,0.0100365024534584,-0.7008355336694306,identity
heat,0.25,111,full_one_step,k9_32_uniform,spectral_extrapolation_k9_nyquist,uniform,24,9,32,0.7089449859069713,0.0123245872781789,-0.6966203986287924,identity
heat,0.25,112,full_one_step,k9_32_uniform,spectral_extrapolation_k9_nyquist,uniform,24,9,32,0.7065398231083276,0.0149587493262406,-0.691581073782087,identity
heat,0.25,113,full_one_step,k9_32_uniform,spectral_extrapolation_k9_nyquist,uniform,24,9,32,0.7071267817427247,0.0142578369125214,-0.6928689448302033,identity
heat,0.25,114,full_one_step,k9_32_uniform,spectral_extrapolation_k9_nyquist,uniform,24,9,32,0.7088515225617149,0.0124506064837271,-0.6964009160779878,identity
heat,0.25,115,full_one_step,k9_32_uniform,spectral_extrapolation_k9_nyquist,uniform,24,9,32,0.7058672397388787,0.0157349895381983,-0.6901322502006804,identity
heat,0.25,116,full_one_step,k9_32_uniform,spectral_extrapolation_k9_nyquist,uniform,24,9,32,0.7065567702744175,0.014912071267046,-0.6916446990073716,identity
heat,0.25,117,full_one_step,k9_32_uniform,spectral_extrapolation_k9_nyquist,uniform,24,9,32,0.707388633073166,0.0140360765593829,-0.6933525565137831,identity
heat,0.25,118,full_one_step,k9_32_uniform,spectral_extrapolation_k9_nyquist,uniform,24,9,32,0.7068456452735117,0.0145976006489213,-0.6922480446245903,identity
heat,0.25,119,full_one_step,k9_32_uniform,spectral_extrapolation_k9_nyquist,uniform,24,9,32,0.7067972542687827,0.0146870773204731,-0.6921101769483096,identity
heat,0.4,100,full_one_step,k1_5_empirical_power,empirical_training_spectrum_k1_5,empirical_training_power,5,1,5,0.0146175210405195,0.0108596915680759,-0.0037578294724436006,identity
heat,0.4,101,full_one_step,k1_5_empirical_power,empirical_training_spectrum_k1_5,empirical_training_power,5,1,5,0.0167757457559691,0.0112650015243712,-0.005510744231597902,identity
heat,0.4,102,full_one_step,k1_5_empirical_power,empirical_training_spectrum_k1_5,empirical_training_power,5,1,5,0.0153255038313749,0.0103408621395319,-0.004984641691843001,identity
heat,0.4,103,full_one_step,k1_5_empirical_power,empirical_training_spectrum_k1_5,empirical_training_power,5,1,5,0.0141579986625375,0.0115659740864967,-0.0025920245760408,identity
heat,0.4,104,full_one_step,k1_5_empirical_power,empirical_training_spectrum_k1_5,empirical_training_power,5,1,5,0.0150257390152433,0.0105779054564093,-0.004447833558834,identity
heat,0.4,105,full_one_step,k1_5_empirical_power,empirical_training_spectrum_k1_5,empirical_training_power,5,1,5,0.0155655866591845,0.0102883010920417,-0.005277285567142799,identity
heat,0.4,106,full_one_step,k1_5_empirical_power,empirical_training_spectrum_k1_5,empirical_training_power,5,1,5,0.0113230981291781,0.0133165589973265,0.0019934608681483994,PDE reference
heat,0.4,107,full_one_step,k1_5_empirical_power,empirical_training_spectrum_k1_5,empirical_training_power,5,1,5,0.012524950306777,0.0130375327934367,0.0005125824866596997,PDE reference
heat,0.4,108,full_one_step,k1_5_empirical_power,empirical_training_spectrum_k1_5,empirical_training_power,5,1,5,0.0127785871155756,0.011937605917673,-0.0008409811979025999,identity
heat,0.4,109,full_one_step,k1_5_empirical_power,empirical_training_spectrum_k1_5,empirical_training_power,5,1,5,0.0149972288109226,0.0103756074851266,-0.004621621325795999,identity
heat,0.4,110,full_one_step,k1_5_empirical_power,empirical_training_spectrum_k1_5,empirical_training_power,5,1,5,0.0156009264485431,0.0120201984792869,-0.0035807279692562,identity
heat,0.4,111,full_one_step,k1_5_empirical_power,empirical_training_spectrum_k1_5,empirical_training_power,5,1,5,0.0144503389757213,0.011091141221194,-0.0033591977545273013,identity
heat,0.4,112,full_one_step,k1_5_empirical_power,empirical_training_spectrum_k1_5,empirical_training_power,5,1,5,0.0122048132008258,0.0129145470823828,0.0007097338815569999,PDE reference
heat,0.4,113,full_one_step,k1_5_empirical_power,empirical_training_spectrum_k1_5,empirical_training_power,5,1,5,0.0130982742978552,0.0123073659890983,-0.0007909083087569001,identity
heat,0.4,114,full_one_step,k1_5_empirical_power,empirical_training_spectrum_k1_5,empirical_training_power,5,1,5,0.0134937625267085,0.01192976413505,-0.0015639983916584995,identity
heat,0.4,115,full_one_step,k1_5_empirical_power,empirical_training_spectrum_k1_5,empirical_training_power,5,1,5,0.0116495795307821,0.0137144151205999,0.0020648355898177997,PDE reference
heat,0.4,116,full_one_step,k1_5_empirical_power,empirical_training_spectrum_k1_5,empirical_training_power,5,1,5,0.0151638333784318,0.0101819002506659,-0.0049819331277658994,identity
heat,0.4,117,full_one_step,k1_5_empirical_power,empirical_training_spectrum_k1_5,empirical_training_power,5,1,5,0.0136245251988141,0.0123902243742637,-0.0012343008245504009,identity
heat,0.4,118,full_one_step,k1_5_empirical_power,empirical_training_spectrum_k1_5,empirical_training_power,5,1,5,0.0137228306273541,0.0116743579174306,-0.0020484727099234993,identity
heat,0.4,119,full_one_step,k1_5_empirical_power,empirical_training_spectrum_k1_5,empirical_training_power,5,1,5,0.0144057164812866,0.0106499530225054,-0.0037557634587811993,identity
heat,0.4,100,full_one_step,k1_5_uniform,in_support_k1_5,uniform,5,1,5,0.0356634373831127,0.0189924907246359,-0.0166709466584768,identity
heat,0.4,101,full_one_step,k1_5_uniform,in_support_k1_5,uniform,5,1,5,0.0427693758359343,0.0177629737118672,-0.0250064021240671,identity
heat,0.4,102,full_one_step,k1_5_uniform,in_support_k1_5,uniform,5,1,5,0.0376465310258895,0.0174898384160063,-0.020156692609883203,identity
heat,0.4,103,full_one_step,k1_5_uniform,in_support_k1_5,uniform,5,1,5,0.0348383727359201,0.0204033902377139,-0.014434982498206201,identity
heat,0.4,104,full_one_step,k1_5_uniform,in_support_k1_5,uniform,5,1,5,0.0367373059192111,0.0180838350554642,-0.018653470863746902,identity
heat,0.4,105,full_one_step,k1_5_uniform,in_support_k1_5,uniform,5,1,5,0.0382725620431774,0.0170562048355816,-0.021216357207595803,identity
heat,0.4,106,full_one_step,k1_5_uniform,in_support_k1_5,uniform,5,1,5,0.0273812081504448,0.0264371923128553,-0.0009440158375895007,identity
heat,0.4,107,full_one_step,k1_5_uniform,in_support_k1_5,uniform,5,1,5,0.0312224800736981,0.0239952253429596,-0.0072272547307385,identity
heat,0.4,108,full_one_step,k1_5_uniform,in_support_k1_5,uniform,5,1,5,0.0308466833617779,0.0230485559177896,-0.0077981274439882994,identity
heat,0.4,109,full_one_step,k1_5_uniform,in_support_k1_5,uniform,5,1,5,0.0367247672052528,0.0180766822291482,-0.0186480849761046,identity
heat,0.4,110,full_one_step,k1_5_uniform,in_support_k1_5,uniform,5,1,5,0.0397540979059758,0.0194792801285148,-0.020274817777461002,identity
heat,0.4,111,full_one_step,k1_5_uniform,in_support_k1_5,uniform,5,1,5,0.0354495258726211,0.0194948675322016,-0.0159546583404195,identity
heat,0.4,112,full_one_step,k1_5_uniform,in_support_k1_5,uniform,5,1,5,0.0304245614599419,0.0243615264879018,-0.0060630349720401,identity
heat,0.4,113,full_one_step,k1_5_uniform,in_support_k1_5,uniform,5,1,5,0.0323133907217182,0.0225518351617034,-0.009761555560014804,identity
heat,0.4,114,full_one_step,k1_5_uniform,in_support_k1_5,uniform,5,1,5,0.0328819409053892,0.0216752329194197,-0.0112067079859695,identity
heat,0.4,115,full_one_step,k1_5_uniform,in_support_k1_5,uniform,5,1,5,0.0290208078028155,0.0258327185145154,-0.0031880892883001007,identity
heat,0.4,116,full_one_step,k1_5_uniform,in_support_k1_5,uniform,5,1,5,0.0366555565820838,0.0177629314196086,-0.018892625162475196,identity
heat,0.4,117,full_one_step,k1_5_uniform,in_support_k1_5,uniform,5,1,5,0.0343358912338363,0.0218753864914453,-0.012460504742390997,identity
heat,0.4,118,full_one_step,k1_5_uniform,in_support_k1_5,uniform,5,1,5,0.0338850653857711,0.0209875094789335,-0.012897555906837603,identity
heat,0.4,119,full_one_step,k1_5_uniform,in_support_k1_5,uniform,5,1,5,0.0350961866367867,0.0192631928408503,-0.0158329937959364,identity
heat,0.4,100,full_one_step,k6_8_uniform,near_support_k6_8,uniform,3,6,8,0.1707491538739714,0.0177786445973126,-0.1529705092766588,identity
heat,0.4,101,full_one_step,k6_8_uniform,near_support_k6_8,uniform,3,6,8,0.1682940772011267,0.0201245127980118,-0.1481695644031149,identity
heat,0.4,102,full_one_step,k6_8_uniform,near_support_k6_8,uniform,3,6,8,0.170485268224378,0.0176869264158953,-0.1527983418084827,identity
heat,0.4,103,full_one_step,k6_8_uniform,near_support_k6_8,uniform,3,6,8,0.1711642288897725,0.0171144072928326,-0.15404982159693992,identity
heat,0.4,104,full_one_step,k6_8_uniform,near_support_k6_8,uniform,3,6,8,0.1723273431138218,0.0161826601268342,-0.1561446829869876,identity
heat,0.4,105,full_one_step,k6_8_uniform,near_support_k6_8,uniform,3,6,8,0.1709038756999111,0.0174782379375059,-0.1534256377624052,identity
heat,0.4,106,full_one_step,k6_8_uniform,near_support_k6_8,uniform,3,6,8,0.1659456059071079,0.0226378417150914,-0.14330776419201652,identity
heat,0.4,107,full_one_step,k6_8_uniform,near_support_k6_8,uniform,3,6,8,0.1661300981881979,0.0223140127908339,-0.143816085397364,identity
heat,0.4,108,full_one_step,k6_8_uniform,near_support_k6_8,uniform,3,6,8,0.1689183583512287,0.0194134609051988,-0.1495048974460299,identity
heat,0.4,109,full_one_step,k6_8_uniform,near_support_k6_8,uniform,3,6,8,0.1704713315255608,0.017706635274799,-0.15276469625076178,identity
heat,0.4,110,full_one_step,k6_8_uniform,near_support_k6_8,uniform,3,6,8,0.1720685651633164,0.016296970218969,-0.1557715949443474,identity
heat,0.4,111,full_one_step,k6_8_uniform,near_support_k6_8,uniform,3,6,8,0.1708705984353377,0.0172443717522749,-0.1536262266830628,identity
heat,0.4,112,full_one_step,k6_8_uniform,near_support_k6_8,uniform,3,6,8,0.1674807763376261,0.0207355605931341,-0.14674521574449198,identity
heat,0.4,113,full_one_step,k6_8_uniform,near_support_k6_8,uniform,3,6,8,0.1693587699200736,0.0187606186445278,-0.1505981512755458,identity
heat,0.4,114,full_one_step,k6_8_uniform,near_support_k6_8,uniform,3,6,8,0.1708883709370791,0.0172691104774174,-0.15361926045966168,identity
heat,0.4,115,full_one_step,k6_8_uniform,near_support_k6_8,uniform,3,6,8,0.1660354464023954,0.0225247874952534,-0.14351065890714199,identity
heat,0.4,116,full_one_step,k6_8_uniform,near_support_k6_8,uniform,3,6,8,0.1717606317300907,0.0166522034722122,-0.15510842825787852,identity
heat,0.4,117,full_one_step,k6_8_uniform,near_support_k6_8,uniform,3,6,8,0.1646151177600967,0.0238842152605484,-0.1407309024995483,identity
heat,0.4,118,full_one_step,k6_8_uniform,near_support_k6_8,uniform,3,6,8,0.1669323395467474,0.0213844984374363,-0.1455478411093111,identity
heat,0.4,119,full_one_step,k6_8_uniform,near_support_k6_8,uniform,3,6,8,0.1697952849239134,0.0185597029604772,-0.1512355819634362,identity
heat,0.4,100,full_one_step,k9_32_uniform,spectral_extrapolation_k9_nyquist,uniform,24,9,32,1.1365036997690372,0.0172416192779558,-1.1192620804910813,identity
heat,0.4,101,full_one_step,k9_32_uniform,spectral_extrapolation_k9_nyquist,uniform,24,9,32,1.1369797760902571,0.0166652963883724,-1.1203144797018847,identity
heat,0.4,102,full_one_step,k9_32_uniform,spectral_extrapolation_k9_nyquist,uniform,24,9,32,1.1359729521901971,0.0178802129359433,-1.118092739254254,identity
heat,0.4,103,full_one_step,k9_32_uniform,spectral_extrapolation_k9_nyquist,uniform,24,9,32,1.135696495885983,0.0182316915547951,-1.1174648043311879,identity
heat,0.4,104,full_one_step,k9_32_uniform,spectral_extrapolation_k9_nyquist,uniform,24,9,32,1.1377208936815328,0.015947924257755,-1.121772969423778,identity
heat,0.4,105,full_one_step,k9_32_uniform,spectral_extrapolation_k9_nyquist,uniform,24,9,32,1.1361897433936756,0.0176661703123718,-1.118523573081304,identity
heat,0.4,106,full_one_step,k9_32_uniform,spectral_extrapolation_k9_nyquist,uniform,24,9,32,1.129007876781648,0.0255572391322479,-1.1034506376494002,identity
heat,0.4,107,full_one_step,k9_32_uniform,spectral_extrapolation_k9_nyquist,uniform,24,9,32,1.1339042530344987,0.0199709135674158,-1.113933339467083,identity
heat,0.4,108,full_one_step,k9_32_uniform,spectral_extrapolation_k9_nyquist,uniform,24,9,32,1.132818274963431,0.0213979311515843,-1.1114203438118466,identity
heat,0.4,109,full_one_step,k9_32_uniform,spectral_extrapolation_k9_nyquist,uniform,24,9,32,1.1358043113389622,0.0180717376531401,-1.1177325736858221,identity
heat,0.4,110,full_one_step,k9_32_uniform,spectral_extrapolation_k9_nyquist,uniform,24,9,32,1.138684131817289,0.0148618045343283,-1.1238223272829606,identity
heat,0.4,111,full_one_step,k9_32_uniform,spectral_extrapolation_k9_nyquist,uniform,24,9,32,1.136637289210506,0.0172110190131086,-1.1194262701973976,identity
heat,0.4,112,full_one_step,k9_32_uniform,spectral_extrapolation_k9_nyquist,uniform,24,9,32,1.1334837845412251,0.0204379379753131,-1.113045846565912,identity
heat,0.4,113,full_one_step,k9_32_uniform,spectral_extrapolation_k9_nyquist,uniform,24,9,32,1.1359401976626806,0.0178853424777877,-1.118054855184893,identity
heat,0.4,114,full_one_step,k9_32_uniform,spectral_extrapolation_k9_nyquist,uniform,24,9,32,1.135262154152671,0.0187275360210419,-1.1165346181316291,identity
heat,0.4,115,full_one_step,k9_32_uniform,spectral_extrapolation_k9_nyquist,uniform,24,9,32,1.132431702957882,0.0216442101496872,-1.1107874928081949,identity
heat,0.4,116,full_one_step,k9_32_uniform,spectral_extrapolation_k9_nyquist,uniform,24,9,32,1.136306708307718,0.0175673550979325,-1.1187393532097856,identity
heat,0.4,117,full_one_step,k9_32_uniform,spectral_extrapolation_k9_nyquist,uniform,24,9,32,1.1345837034018285,0.0192331888096066,-1.1153505145922218,identity
heat,0.4,118,full_one_step,k9_32_uniform,spectral_extrapolation_k9_nyquist,uniform,24,9,32,1.1334299693180288,0.020639419743548,-1.1127905495744808,identity
heat,0.4,119,full_one_step,k9_32_uniform,spectral_extrapolation_k9_nyquist,uniform,24,9,32,1.134444256199538,0.0195791298728483,-1.1148651263266898,identity
lf,0.1,300,full_one_step,k1_5_empirical_power,empirical_training_spectrum_k1_5,empirical_training_power,5,1,5,0.0198239821040518,0.0191607724817912,-0.0006632096222605986,identity
lf,0.1,301,full_one_step,k1_5_empirical_power,empirical_training_spectrum_k1_5,empirical_training_power,5,1,5,0.0213079143436869,0.0195660460961424,-0.0017418682475444994,identity
lf,0.1,302,full_one_step,k1_5_empirical_power,empirical_training_spectrum_k1_5,empirical_training_power,5,1,5,0.0199346049139537,0.0203843572566755,0.00044975234272180004,PDE reference
lf,0.1,303,full_one_step,k1_5_empirical_power,empirical_training_spectrum_k1_5,empirical_training_power,5,1,5,0.0161792700843218,0.0223276099641603,0.0061483398798385,PDE reference
lf,0.1,304,full_one_step,k1_5_empirical_power,empirical_training_spectrum_k1_5,empirical_training_power,5,1,5,0.0176336692757237,0.0217259067971229,0.0040922375213992,PDE reference
lf,0.1,305,full_one_step,k1_5_empirical_power,empirical_training_spectrum_k1_5,empirical_training_power,5,1,5,0.0196438812988672,0.0192198543484064,-0.0004240269504608013,identity
lf,0.1,306,full_one_step,k1_5_empirical_power,empirical_training_spectrum_k1_5,empirical_training_power,5,1,5,0.0157948705580903,0.0220780456194812,0.006283175061390901,PDE reference
lf,0.1,307,full_one_step,k1_5_empirical_power,empirical_training_spectrum_k1_5,empirical_training_power,5,1,5,0.0149022966805537,0.0237548355604071,0.0088525388798534,PDE reference
lf,0.1,308,full_one_step,k1_5_empirical_power,empirical_training_spectrum_k1_5,empirical_training_power,5,1,5,0.0180568515846395,0.0216573816073611,0.0036005300227216,PDE reference
lf,0.1,309,full_one_step,k1_5_empirical_power,empirical_training_spectrum_k1_5,empirical_training_power,5,1,5,0.0211520064740558,0.0188064627898224,-0.0023455436842333977,identity
lf,0.1,310,full_one_step,k1_5_empirical_power,empirical_training_spectrum_k1_5,empirical_training_power,5,1,5,0.0131639255936858,0.0242269604822628,0.011063034888577001,PDE reference
lf,0.1,311,full_one_step,k1_5_empirical_power,empirical_training_spectrum_k1_5,empirical_training_power,5,1,5,0.0154599318465578,0.0230514277105801,0.007591495864022302,PDE reference
lf,0.1,312,full_one_step,k1_5_empirical_power,empirical_training_spectrum_k1_5,empirical_training_power,5,1,5,0.0187811205578438,0.0197923323504884,0.0010112117926446007,PDE reference
lf,0.1,313,full_one_step,k1_5_empirical_power,empirical_training_spectrum_k1_5,empirical_training_power,5,1,5,0.0173075509921591,0.0223945715916763,0.005087020599517201,PDE reference
lf,0.1,314,full_one_step,k1_5_empirical_power,empirical_training_spectrum_k1_5,empirical_training_power,5,1,5,0.0197112499033967,0.0184694827787592,-0.001241767124637503,identity
lf,0.1,315,full_one_step,k1_5_empirical_power,empirical_training_spectrum_k1_5,empirical_training_power,5,1,5,0.0196411776346534,0.0202924032610241,0.0006512256263707002,PDE reference
lf,0.1,316,full_one_step,k1_5_empirical_power,empirical_training_spectrum_k1_5,empirical_training_power,5,1,5,0.0177769102125217,0.0218495073371299,0.0040725971246081995,PDE reference
lf,0.1,317,full_one_step,k1_5_empirical_power,empirical_training_spectrum_k1_5,empirical_training_power,5,1,5,0.0207182561712994,0.0192290373034376,-0.0014892188678618003,identity
lf,0.1,318,full_one_step,k1_5_empirical_power,empirical_training_spectrum_k1_5,empirical_training_power,5,1,5,0.0168478711592728,0.0212112034127451,0.0043633322534723,PDE reference
lf,0.1,319,full_one_step,k1_5_empirical_power,empirical_training_spectrum_k1_5,empirical_training_power,5,1,5,0.0159944958461168,0.0222917397322109,0.006297243886094102,PDE reference
lf,0.1,300,full_one_step,k1_5_uniform,in_support_k1_5,uniform,5,1,5,0.0488263629275444,0.029071229208446,-0.0197551337190984,identity
lf,0.1,301,full_one_step,k1_5_uniform,in_support_k1_5,uniform,5,1,5,0.0537671827918575,0.0284161223581419,-0.0253510604337156,identity
lf,0.1,302,full_one_step,k1_5_uniform,in_support_k1_5,uniform,5,1,5,0.0492730204998234,0.0304411987975298,-0.0188318217022936,identity
lf,0.1,303,full_one_step,k1_5_uniform,in_support_k1_5,uniform,5,1,5,0.0408024965185265,0.0372031431370512,-0.0035993533814753023,identity
lf,0.1,304,full_one_step,k1_5_uniform,in_support_k1_5,uniform,5,1,5,0.044617937229629,0.0347222754832287,-0.009895661746400303,identity
lf,0.1,305,full_one_step,k1_5_uniform,in_support_k1_5,uniform,5,1,5,0.0484250906141092,0.0294763503460038,-0.018948740268105398,identity
lf,0.1,306,full_one_step,k1_5_uniform,in_support_k1_5,uniform,5,1,5,0.0391376738270586,0.0373877130642066,-0.0017499607628519986,identity
lf,0.1,307,full_one_step,k1_5_uniform,in_support_k1_5,uniform,5,1,5,0.0374458104007041,0.0405419945762393,0.0030961841755351993,PDE reference
lf,0.1,308,full_one_step,k1_5_uniform,in_support_k1_5,uniform,5,1,5,0.0455716224685994,0.0343089792947753,-0.011262643173824104,identity
lf,0.1,309,full_one_step,k1_5_uniform,in_support_k1_5,uniform,5,1,5,0.0521371733630901,0.0271556139810934,-0.024981559381996702,identity
lf,0.1,310,full_one_step,k1_5_uniform,in_support_k1_5,uniform,5,1,5,0.0328252499082087,0.0433975090124756,0.010572259104266901,PDE reference
lf,0.1,311,full_one_step,k1_5_uniform,in_support_k1_5,uniform,5,1,5,0.0391291265499287,0.0390701473575208,-5.897919240790278e-05,identity
lf,0.1,312,full_one_step,k1_5_uniform,in_support_k1_5,uniform,5,1,5,0.0463260152982856,0.0310803060419955,-0.015245709256290103,identity
lf,0.1,313,full_one_step,k1_5_uniform,in_support_k1_5,uniform,5,1,5,0.0439410103324767,0.0359958870610851,-0.007945123271391602,identity
lf,0.1,314,full_one_step,k1_5_uniform,in_support_k1_5,uniform,5,1,5,0.0478572318178792,0.0288986036076157,-0.018958628210263503,identity
lf,0.1,315,full_one_step,k1_5_uniform,in_support_k1_5,uniform,5,1,5,0.0491388346669703,0.0305129040803145,-0.0186259305866558,identity
lf,0.1,316,full_one_step,k1_5_uniform,in_support_k1_5,uniform,5,1,5,0.0451889611041297,0.0348562435469361,-0.010332717557193595,identity
lf,0.1,317,full_one_step,k1_5_uniform,in_support_k1_5,uniform,5,1,5,0.0512006141236465,0.0280230577828005,-0.023177556340846003,identity
lf,0.1,318,full_one_step,k1_5_uniform,in_support_k1_5,uniform,5,1,5,0.0419217782696815,0.035356722892578,-0.006565055377103501,identity
lf,0.1,319,full_one_step,k1_5_uniform,in_support_k1_5,uniform,5,1,5,0.039838011107396,0.0376125837790437,-0.002225427328352299,identity
lf,0.1,300,full_one_step,k6_8_uniform,near_support_k6_8,uniform,3,6,8,0.2272589429667708,0.01641656640996,-0.2108423765568108,identity
lf,0.1,301,full_one_step,k6_8_uniform,near_support_k6_8,uniform,3,6,8,0.2204336279273276,0.0241902225953871,-0.19624340533194048,identity
lf,0.1,302,full_one_step,k6_8_uniform,near_support_k6_8,uniform,3,6,8,0.2219510951332705,0.025292208276915,-0.1966588868563555,identity
lf,0.1,303,full_one_step,k6_8_uniform,near_support_k6_8,uniform,3,6,8,0.2162357508910583,0.0319121648113541,-0.18432358607970417,identity
lf,0.1,304,full_one_step,k6_8_uniform,near_support_k6_8,uniform,3,6,8,0.2206736435256005,0.0259728651911296,-0.19470077833447091,identity
lf,0.1,305,full_one_step,k6_8_uniform,near_support_k6_8,uniform,3,6,8,0.2166300117953212,0.028518934101495,-0.1881110776938262,identity
lf,0.1,306,full_one_step,k6_8_uniform,near_support_k6_8,uniform,3,6,8,0.2119979890028169,0.0353082910732303,-0.1766896979295866,identity
lf,0.1,307,full_one_step,k6_8_uniform,near_support_k6_8,uniform,3,6,8,0.2112082355251374,0.0372286520222195,-0.1739795835029179,identity
lf,0.1,308,full_one_step,k6_8_uniform,near_support_k6_8,uniform,3,6,8,0.2145599410387892,0.0334455537406824,-0.1811143872981068,identity
lf,0.1,309,full_one_step,k6_8_uniform,near_support_k6_8,uniform,3,6,8,0.2128063309225253,0.0332772543194748,-0.1795290766030505,identity
lf,0.1,310,full_one_step,k6_8_uniform,near_support_k6_8,uniform,3,6,8,0.207912871154491,0.0404293569572575,-0.1674835141972335,identity
lf,0.1,311,full_one_step,k6_8_uniform,near_support_k6_8,uniform,3,6,8,0.2092934349168807,0.0391049137160354,-0.17018852120084532,identity
lf,0.1,312,full_one_step,k6_8_uniform,near_support_k6_8,uniform,3,6,8,0.2224181382713355,0.0218413715642359,-0.2005767667070996,identity
lf,0.1,313,full_one_step,k6_8_uniform,near_support_k6_8,uniform,3,6,8,0.223485494757324,0.0213535153712437,-0.2021319793860803,identity
lf,0.1,314,full_one_step,k6_8_uniform,near_support_k6_8,uniform,3,6,8,0.2238019798589952,0.0202273961129683,-0.20357458374602688,identity
lf,0.1,315,full_one_step,k6_8_uniform,near_support_k6_8,uniform,3,6,8,0.2146214108387552,0.0300079844123391,-0.1846134264264161,identity
lf,0.1,316,full_one_step,k6_8_uniform,near_support_k6_8,uniform,3,6,8,0.2078638561069149,0.0393635534761924,-0.16850030263072252,identity
lf,0.1,317,full_one_step,k6_8_uniform,near_support_k6_8,uniform,3,6,8,0.2203078529938524,0.0263173485512586,-0.1939905044425938,identity
lf,0.1,318,full_one_step,k6_8_uniform,near_support_k6_8,uniform,3,6,8,0.2220633699185935,0.0218577312142773,-0.20020563870431618,identity
lf,0.1,319,full_one_step,k6_8_uniform,near_support_k6_8,uniform,3,6,8,0.217861672660671,0.0295915595839831,-0.1882701130766879,identity
lf,0.1,300,full_one_step,k9_32_uniform,spectral_extrapolation_k9_nyquist,uniform,24,9,32,1.4258139228929372,0.0181629047181818,-1.4076510181747555,identity
lf,0.1,301,full_one_step,k9_32_uniform,spectral_extrapolation_k9_nyquist,uniform,24,9,32,1.4278161032293757,0.0160056802191867,-1.4118104230101889,identity
lf,0.1,302,full_one_step,k9_32_uniform,spectral_extrapolation_k9_nyquist,uniform,24,9,32,1.4241935116452478,0.0200385804275955,-1.4041549312176522,identity
lf,0.1,303,full_one_step,k9_32_uniform,spectral_extrapolation_k9_nyquist,uniform,24,9,32,1.4256099413487364,0.018310538748732,-1.4072994026000045,identity
lf,0.1,304,full_one_step,k9_32_uniform,spectral_extrapolation_k9_nyquist,uniform,24,9,32,1.4260732423568614,0.0176895878838064,-1.408383654473055,identity
lf,0.1,305,full_one_step,k9_32_uniform,spectral_extrapolation_k9_nyquist,uniform,24,9,32,1.423700580355138,0.0204571041863673,-1.4032434761687707,identity
lf,0.1,306,full_one_step,k9_32_uniform,spectral_extrapolation_k9_nyquist,uniform,24,9,32,1.4209860125650964,0.0233892812245117,-1.3975967313405846,identity
lf,0.1,307,full_one_step,k9_32_uniform,spectral_extrapolation_k9_nyquist,uniform,24,9,32,1.4173203574348208,0.0271847320294274,-1.3901356254053934,identity
lf,0.1,308,full_one_step,k9_32_uniform,spectral_extrapolation_k9_nyquist,uniform,24,9,32,1.4242492670150828,0.0198630669767243,-1.4043862000383585,identity
lf,0.1,309,full_one_step,k9_32_uniform,spectral_extrapolation_k9_nyquist,uniform,24,9,32,1.4208356094394714,0.0235230777152684,-1.397312531724203,identity
lf,0.1,310,full_one_step,k9_32_uniform,spectral_extrapolation_k9_nyquist,uniform,24,9,32,1.4222268594148346,0.0224206878830603,-1.3998061715317742,identity
lf,0.1,311,full_one_step,k9_32_uniform,spectral_extrapolation_k9_nyquist,uniform,24,9,32,1.422524881078425,0.0218398171494754,-1.4006850639289496,identity
lf,0.1,312,full_one_step,k9_32_uniform,spectral_extrapolation_k9_nyquist,uniform,24,9,32,1.423393051716363,0.020680426279785,-1.402712625436578,identity
lf,0.1,313,full_one_step,k9_32_uniform,spectral_extrapolation_k9_nyquist,uniform,24,9,32,1.4252255630863735,0.0189618673086927,-1.4062636957776808,identity
lf,0.1,314,full_one_step,k9_32_uniform,spectral_extrapolation_k9_nyquist,uniform,24,9,32,1.427059552059464,0.0167050988639206,-1.4103544531955434,identity
lf,0.1,315,full_one_step,k9_32_uniform,spectral_extrapolation_k9_nyquist,uniform,24,9,32,1.4252691094231162,0.0185960829811983,-1.406673026441918,identity
lf,0.1,316,full_one_step,k9_32_uniform,spectral_extrapolation_k9_nyquist,uniform,24,9,32,1.418683348742829,0.0258716547523378,-1.392811693990491,identity
lf,0.1,317,full_one_step,k9_32_uniform,spectral_extrapolation_k9_nyquist,uniform,24,9,32,1.4247438381558677,0.0192615309605175,-1.4054823071953502,identity
lf,0.1,318,full_one_step,k9_32_uniform,spectral_extrapolation_k9_nyquist,uniform,24,9,32,1.4254697855770475,0.0185429605517682,-1.4069268250252793,identity
lf,0.1,319,full_one_step,k9_32_uniform,spectral_extrapolation_k9_nyquist,uniform,24,9,32,1.4259684054642472,0.0180161351165138,-1.4079522703477334,identity
lf,0.25,300,full_one_step,k1_5_empirical_power,empirical_training_spectrum_k1_5,empirical_training_power,5,1,5,0.0184870475944849,0.0407372641496491,0.022250216555164203,PDE reference
lf,0.25,301,full_one_step,k1_5_empirical_power,empirical_training_spectrum_k1_5,empirical_training_power,5,1,5,0.0164044720524672,0.0419594973388597,0.025555025286392502,PDE reference
lf,0.25,302,full_one_step,k1_5_empirical_power,empirical_training_spectrum_k1_5,empirical_training_power,5,1,5,0.0223029429917322,0.0386129192157073,0.016309976223975103,PDE reference
lf,0.25,303,full_one_step,k1_5_empirical_power,empirical_training_spectrum_k1_5,empirical_training_power,5,1,5,0.0209273648871212,0.0389452457546773,0.018017880867556103,PDE reference
lf,0.25,304,full_one_step,k1_5_empirical_power,empirical_training_spectrum_k1_5,empirical_training_power,5,1,5,0.0182496566304328,0.0399923500246956,0.021742693394262803,PDE reference
lf,0.25,305,full_one_step,k1_5_empirical_power,empirical_training_spectrum_k1_5,empirical_training_power,5,1,5,0.0214740614122403,0.0384706892095508,0.016996627797310503,PDE reference
lf,0.25,306,full_one_step,k1_5_empirical_power,empirical_training_spectrum_k1_5,empirical_training_power,5,1,5,0.0217577066026804,0.0404684064938677,0.018710699891187302,PDE reference
lf,0.25,307,full_one_step,k1_5_empirical_power,empirical_training_spectrum_k1_5,empirical_training_power,5,1,5,0.0243631984003065,0.0371467764208208,0.012783578020514302,PDE reference
lf,0.25,308,full_one_step,k1_5_empirical_power,empirical_training_spectrum_k1_5,empirical_training_power,5,1,5,0.021619258936718,0.0398429685928106,0.018223709656092598,PDE reference
lf,0.25,309,full_one_step,k1_5_empirical_power,empirical_training_spectrum_k1_5,empirical_training_power,5,1,5,0.0222751971504691,0.0388729284948698,0.0165977313444007,PDE reference
lf,0.25,310,full_one_step,k1_5_empirical_power,empirical_training_spectrum_k1_5,empirical_training_power,5,1,5,0.0194598356447188,0.0404911474530619,0.021031311808343098,PDE reference
lf,0.25,311,full_one_step,k1_5_empirical_power,empirical_training_spectrum_k1_5,empirical_training_power,5,1,5,0.0240216484636499,0.0378884540562564,0.013866805592606498,PDE reference
lf,0.25,312,full_one_step,k1_5_empirical_power,empirical_training_spectrum_k1_5,empirical_training_power,5,1,5,0.0173983104969656,0.0415259832494559,0.024127672752490302,PDE reference
lf,0.25,313,full_one_step,k1_5_empirical_power,empirical_training_spectrum_k1_5,empirical_training_power,5,1,5,0.0293356783040251,0.0351370913348938,0.005801413030868702,PDE reference
lf,0.25,314,full_one_step,k1_5_empirical_power,empirical_training_spectrum_k1_5,empirical_training_power,5,1,5,0.0238613785236169,0.0381646865427581,0.0143033080191412,PDE reference
lf,0.25,315,full_one_step,k1_5_empirical_power,empirical_training_spectrum_k1_5,empirical_training_power,5,1,5,0.022740950143189,0.0382186258598465,0.015477675716657497,PDE reference
lf,0.25,316,full_one_step,k1_5_empirical_power,empirical_training_spectrum_k1_5,empirical_training_power,5,1,5,0.0261173252804601,0.0367606240823735,0.010643298801913403,PDE reference
lf,0.25,317,full_one_step,k1_5_empirical_power,empirical_training_spectrum_k1_5,empirical_training_power,5,1,5,0.0276892410013938,0.0351644651515696,0.007475224150175801,PDE reference
lf,0.25,318,full_one_step,k1_5_empirical_power,empirical_training_spectrum_k1_5,empirical_training_power,5,1,5,0.0176123386569728,0.0403241652578178,0.022711826600844996,PDE reference
lf,0.25,319,full_one_step,k1_5_empirical_power,empirical_training_spectrum_k1_5,empirical_training_power,5,1,5,0.0231403125444712,0.0375632260239013,0.014422913479430102,PDE reference
lf,0.25,300,full_one_step,k1_5_uniform,in_support_k1_5,uniform,5,1,5,0.045664756747424,0.0635686096832067,0.0179038529357827,PDE reference
lf,0.25,301,full_one_step,k1_5_uniform,in_support_k1_5,uniform,5,1,5,0.0407252709336893,0.0671887141619013,0.026463443228211994,PDE reference
lf,0.25,302,full_one_step,k1_5_uniform,in_support_k1_5,uniform,5,1,5,0.0551075679964407,0.0562697408890842,0.0011621728926435038,PDE reference
lf,0.25,303,full_one_step,k1_5_uniform,in_support_k1_5,uniform,5,1,5,0.0513781674330035,0.0588343388945351,0.007456171461531602,PDE reference
lf,0.25,304,full_one_step,k1_5_uniform,in_support_k1_5,uniform,5,1,5,0.0439681466356375,0.0627181468335051,0.0187500001978676,PDE reference
lf,0.25,305,full_one_step,k1_5_uniform,in_support_k1_5,uniform,5,1,5,0.0524500065215752,0.056339568493601,0.0038895619720258,PDE reference
lf,0.25,306,full_one_step,k1_5_uniform,in_support_k1_5,uniform,5,1,5,0.0545792608647683,0.058933809998638,0.004354549133869699,PDE reference
lf,0.25,307,full_one_step,k1_5_uniform,in_support_k1_5,uniform,5,1,5,0.0595550835202475,0.0514423046256085,-0.008112778894639003,identity
lf,0.25,308,full_one_step,k1_5_uniform,in_support_k1_5,uniform,5,1,5,0.0542408947114939,0.0578997956725127,0.003658900961018799,PDE reference
lf,0.25,309,full_one_step,k1_5_uniform,in_support_k1_5,uniform,5,1,5,0.0552628167622818,0.055853554455477,0.0005907376931952035,PDE reference
lf,0.25,310,full_one_step,k1_5_uniform,in_support_k1_5,uniform,5,1,5,0.0486803059049101,0.0613772305946654,0.0126969246897553,PDE reference
lf,0.25,311,full_one_step,k1_5_uniform,in_support_k1_5,uniform,5,1,5,0.0590764400355253,0.0524684841110242,-0.006607955924501099,identity
lf,0.25,312,full_one_step,k1_5_uniform,in_support_k1_5,uniform,5,1,5,0.0427241110505084,0.0660212077176029,0.023297096667094508,PDE reference
lf,0.25,313,full_one_step,k1_5_uniform,in_support_k1_5,uniform,5,1,5,0.071573956472203,0.0434306262437236,-0.028143330228479396,identity
lf,0.25,314,full_one_step,k1_5_uniform,in_support_k1_5,uniform,5,1,5,0.0582819141849227,0.0544561784858283,-0.003825735699094397,identity
lf,0.25,315,full_one_step,k1_5_uniform,in_support_k1_5,uniform,5,1,5,0.056287549810377,0.0545727246601814,-0.0017148251501956022,identity
lf,0.25,316,full_one_step,k1_5_uniform,in_support_k1_5,uniform,5,1,5,0.0640671806073268,0.0488750837296732,-0.015192096877653605,identity
lf,0.25,317,full_one_step,k1_5_uniform,in_support_k1_5,uniform,5,1,5,0.0674397993932339,0.0451610043419593,-0.0222787950512746,identity
lf,0.25,318,full_one_step,k1_5_uniform,in_support_k1_5,uniform,5,1,5,0.0426873782047511,0.0646399309396236,0.021952552734872496,PDE reference
lf,0.25,319,full_one_step,k1_5_uniform,in_support_k1_5,uniform,5,1,5,0.0569494322498475,0.0534693450315281,-0.003480087218319397,identity
lf,0.25,300,full_one_step,k6_8_uniform,near_support_k6_8,uniform,3,6,8,0.2598436400440549,0.0257177293228231,-0.23412591072123182,identity
lf,0.25,301,full_one_step,k6_8_uniform,near_support_k6_8,uniform,3,6,8,0.2337745945561082,0.0555403862926161,-0.1782342082634921,identity
lf,0.25,302,full_one_step,k6_8_uniform,near_support_k6_8,uniform,3,6,8,0.2462210995018055,0.0400366039298765,-0.20618449557192903,identity
lf,0.25,303,full_one_step,k6_8_uniform,near_support_k6_8,uniform,3,6,8,0.243526502952797,0.0506810511795017,-0.19284545177329532,identity
lf,0.25,304,full_one_step,k6_8_uniform,near_support_k6_8,uniform,3,6,8,0.2376091963542714,0.055582123154485,-0.18202707319978642,identity
lf,0.25,305,full_one_step,k6_8_uniform,near_support_k6_8,uniform,3,6,8,0.245080984473742,0.0469070522338386,-0.1981739322399034,identity
lf,0.25,306,full_one_step,k6_8_uniform,near_support_k6_8,uniform,3,6,8,0.2381122093878731,0.0527539115699082,-0.18535829781796492,identity
lf,0.25,307,full_one_step,k6_8_uniform,near_support_k6_8,uniform,3,6,8,0.2377035608404405,0.0509517298620562,-0.1867518309783843,identity
lf,0.25,308,full_one_step,k6_8_uniform,near_support_k6_8,uniform,3,6,8,0.2359793041816334,0.0581620877346231,-0.17781721644701032,identity
lf,0.25,309,full_one_step,k6_8_uniform,near_support_k6_8,uniform,3,6,8,0.2383076145614127,0.0567929116632059,-0.1815147028982068,identity
lf,0.25,310,full_one_step,k6_8_uniform,near_support_k6_8,uniform,3,6,8,0.2368411709489454,0.0530444159791751,-0.18379675496977033,identity
lf,0.25,311,full_one_step,k6_8_uniform,near_support_k6_8,uniform,3,6,8,0.2357565610621153,0.0498520310961409,-0.1859045299659744,identity
lf,0.25,312,full_one_step,k6_8_uniform,near_support_k6_8,uniform,3,6,8,0.2591652090786055,0.026590023591955,-0.23257518548665052,identity
lf,0.25,313,full_one_step,k6_8_uniform,near_support_k6_8,uniform,3,6,8,0.2446797186267293,0.0412614640894953,-0.203418254537234,identity
lf,0.25,314,full_one_step,k6_8_uniform,near_support_k6_8,uniform,3,6,8,0.2903180067331745,0.0223932682481538,-0.2679247384850207,identity
lf,0.25,315,full_one_step,k6_8_uniform,near_support_k6_8,uniform,3,6,8,0.2436210909813028,0.0481245012786829,-0.1954965897026199,identity
lf,0.25,316,full_one_step,k6_8_uniform,near_support_k6_8,uniform,3,6,8,0.2355909074526538,0.0557461981415289,-0.1798447093111249,identity
lf,0.25,317,full_one_step,k6_8_uniform,near_support_k6_8,uniform,3,6,8,0.2415547666592701,0.0508480154251808,-0.19070675123408928,identity
lf,0.25,318,full_one_step,k6_8_uniform,near_support_k6_8,uniform,3,6,8,0.2380169290942854,0.0475580867199842,-0.19045884237430122,identity
lf,0.25,319,full_one_step,k6_8_uniform,near_support_k6_8,uniform,3,6,8,0.2426131427405051,0.0506469599771293,-0.1919661827633758,identity
lf,0.25,300,full_one_step,k9_32_uniform,spectral_extrapolation_k9_nyquist,uniform,24,9,32,1.4384609042401442,0.0163080773067364,-1.4221528269334078,identity
lf,0.25,301,full_one_step,k9_32_uniform,spectral_extrapolation_k9_nyquist,uniform,24,9,32,1.4320724813802073,0.0236920146240896,-1.4083804667561177,identity
lf,0.25,302,full_one_step,k9_32_uniform,spectral_extrapolation_k9_nyquist,uniform,24,9,32,1.4349135111573312,0.0215922480083031,-1.4133212631490282,identity
lf,0.25,303,full_one_step,k9_32_uniform,spectral_extrapolation_k9_nyquist,uniform,24,9,32,1.425737447953392,0.0309337956251383,-1.3948036523282537,identity
lf,0.25,304,full_one_step,k9_32_uniform,spectral_extrapolation_k9_nyquist,uniform,24,9,32,1.427356918860345,0.0301555966967374,-1.3972013221636075,identity
lf,0.25,305,full_one_step,k9_32_uniform,spectral_extrapolation_k9_nyquist,uniform,24,9,32,1.4291278059654011,0.0275099949270059,-1.4016178110383952,identity
lf,0.25,306,full_one_step,k9_32_uniform,spectral_extrapolation_k9_nyquist,uniform,24,9,32,1.4229075533121942,0.0356800433462026,-1.3872275099659916,identity
lf,0.25,307,full_one_step,k9_32_uniform,spectral_extrapolation_k9_nyquist,uniform,24,9,32,1.4272027034552286,0.0310107836681989,-1.3961919197870296,identity
lf,0.25,308,full_one_step,k9_32_uniform,spectral_extrapolation_k9_nyquist,uniform,24,9,32,1.4280147172727762,0.031189364021338,-1.396825353251438,identity
lf,0.25,309,full_one_step,k9_32_uniform,spectral_extrapolation_k9_nyquist,uniform,24,9,32,1.4296371956072635,0.0284109006267949,-1.4012262949804686,identity
lf,0.25,310,full_one_step,k9_32_uniform,spectral_extrapolation_k9_nyquist,uniform,24,9,32,1.4309947134932184,0.0261563889601475,-1.404838324533071,identity
lf,0.25,311,full_one_step,k9_32_uniform,spectral_extrapolation_k9_nyquist,uniform,24,9,32,1.4275602053853804,0.030796200881572,-1.3967640045038083,identity
lf,0.25,312,full_one_step,k9_32_uniform,spectral_extrapolation_k9_nyquist,uniform,24,9,32,1.436739372349897,0.0183317284158885,-1.4184076439340083,identity
lf,0.25,313,full_one_step,k9_32_uniform,spectral_extrapolation_k9_nyquist,uniform,24,9,32,1.4321814904753023,0.0248161801463547,-1.4073653103289476,identity
lf,0.25,314,full_one_step,k9_32_uniform,spectral_extrapolation_k9_nyquist,uniform,24,9,32,1.4448218916181692,0.0099682279083907,-1.4348536637097784,identity
lf,0.25,315,full_one_step,k9_32_uniform,spectral_extrapolation_k9_nyquist,uniform,24,9,32,1.4308953000444846,0.025989886175167,-1.4049054138693176,identity
lf,0.25,316,full_one_step,k9_32_uniform,spectral_extrapolation_k9_nyquist,uniform,24,9,32,1.4244877344501248,0.0342188377288539,-1.3902688967212709,identity
lf,0.25,317,full_one_step,k9_32_uniform,spectral_extrapolation_k9_nyquist,uniform,24,9,32,1.42910935968895,0.0295499915359855,-1.3995593681529643,identity
lf,0.25,318,full_one_step,k9_32_uniform,spectral_extrapolation_k9_nyquist,uniform,24,9,32,1.4322421416859037,0.0240173304665826,-1.4082248112193212,identity
lf,0.25,319,full_one_step,k9_32_uniform,spectral_extrapolation_k9_nyquist,uniform,24,9,32,1.4276052895042286,0.0298954746951203,-1.3977098148091083,identity
lf,0.4,300,full_one_step,k1_5_empirical_power,empirical_training_spectrum_k1_5,empirical_training_power,5,1,5,0.0173809334114345,0.0658980680359016,0.048517134624467106,PDE reference
lf,0.4,301,full_one_step,k1_5_empirical_power,empirical_training_spectrum_k1_5,empirical_training_power,5,1,5,0.0255701123041424,0.0606634284176616,0.03509331611351919,PDE reference
lf,0.4,302,full_one_step,k1_5_empirical_power,empirical_training_spectrum_k1_5,empirical_training_power,5,1,5,0.018763024692262,0.0649840153676097,0.0462209906753477,PDE reference
lf,0.4,303,full_one_step,k1_5_empirical_power,empirical_training_spectrum_k1_5,empirical_training_power,5,1,5,0.0347556083864511,0.0579134682309519,0.0231578598445008,PDE reference
lf,0.4,304,full_one_step,k1_5_empirical_power,empirical_training_spectrum_k1_5,empirical_training_power,5,1,5,0.0186233253845161,0.0645443563815519,0.0459210309970358,PDE reference
lf,0.4,305,full_one_step,k1_5_empirical_power,empirical_training_spectrum_k1_5,empirical_training_power,5,1,5,0.0173363315484126,0.0650598659029732,0.0477235343545606,PDE reference
lf,0.4,306,full_one_step,k1_5_empirical_power,empirical_training_spectrum_k1_5,empirical_training_power,5,1,5,0.0223982162151385,0.0623324816069419,0.039934265391803406,PDE reference
lf,0.4,307,full_one_step,k1_5_empirical_power,empirical_training_spectrum_k1_5,empirical_training_power,5,1,5,0.0285829760387655,0.0591211981668759,0.0305382221281104,PDE reference
lf,0.4,308,full_one_step,k1_5_empirical_power,empirical_training_spectrum_k1_5,empirical_training_power,5,1,5,0.0230713286208437,0.0624126821406358,0.039341353519792094,PDE reference
lf,0.4,309,full_one_step,k1_5_empirical_power,empirical_training_spectrum_k1_5,empirical_training_power,5,1,5,0.0250114050368709,0.0608014244907579,0.035790019453887004,PDE reference
lf,0.4,310,full_one_step,k1_5_empirical_power,empirical_training_spectrum_k1_5,empirical_training_power,5,1,5,0.0209974072187978,0.0635077489543487,0.042510341735550905,PDE reference
lf,0.4,311,full_one_step,k1_5_empirical_power,empirical_training_spectrum_k1_5,empirical_training_power,5,1,5,0.0271736678890529,0.0597015113505113,0.0325278434614584,PDE reference
lf,0.4,312,full_one_step,k1_5_empirical_power,empirical_training_spectrum_k1_5,empirical_training_power,5,1,5,0.0200882507952942,0.0644512121159602,0.04436296132066599,PDE reference
lf,0.4,313,full_one_step,k1_5_empirical_power,empirical_training_spectrum_k1_5,empirical_training_power,5,1,5,0.0331234816619753,0.0576001213370856,0.024476639675110302,PDE reference
lf,0.4,314,full_one_step,k1_5_empirical_power,empirical_training_spectrum_k1_5,empirical_training_power,5,1,5,0.016340932641459,0.0662933444501539,0.049952411808694905,PDE reference
lf,0.4,315,full_one_step,k1_5_empirical_power,empirical_training_spectrum_k1_5,empirical_training_power,5,1,5,0.0260255489648944,0.0605703240913802,0.034544775126485794,PDE reference
lf,0.4,316,full_one_step,k1_5_empirical_power,empirical_training_spectrum_k1_5,empirical_training_power,5,1,5,0.0327840357045125,0.0570034778106454,0.024219442106132902,PDE reference
lf,0.4,317,full_one_step,k1_5_empirical_power,empirical_training_spectrum_k1_5,empirical_training_power,5,1,5,0.0339366680307584,0.056039097240608,0.022102429209849603,PDE reference
lf,0.4,318,full_one_step,k1_5_empirical_power,empirical_training_spectrum_k1_5,empirical_training_power,5,1,5,0.0193932430534968,0.0638004793878402,0.044407236334343396,PDE reference
lf,0.4,319,full_one_step,k1_5_empirical_power,empirical_training_spectrum_k1_5,empirical_training_power,5,1,5,0.0231931168699712,0.0617879778134073,0.0385948609434361,PDE reference
lf,0.4,300,full_one_step,k1_5_uniform,in_support_k1_5,uniform,5,1,5,0.0428472490448672,0.1067416209536661,0.0638943719087989,PDE reference
lf,0.4,301,full_one_step,k1_5_uniform,in_support_k1_5,uniform,5,1,5,0.0630142097864926,0.0894029112954582,0.026388701508965606,PDE reference
lf,0.4,302,full_one_step,k1_5_uniform,in_support_k1_5,uniform,5,1,5,0.0461754170217422,0.1043593333939973,0.058183916372255104,PDE reference
lf,0.4,303,full_one_step,k1_5_uniform,in_support_k1_5,uniform,5,1,5,0.0864206945098031,0.0779873415349689,-0.00843335297483419,identity
lf,0.4,304,full_one_step,k1_5_uniform,in_support_k1_5,uniform,5,1,5,0.0454483553315555,0.1041536370385772,0.0587052817070217,PDE reference
lf,0.4,305,full_one_step,k1_5_uniform,in_support_k1_5,uniform,5,1,5,0.0427847631993646,0.10493278978299,0.06214802658362541,PDE reference
lf,0.4,306,full_one_step,k1_5_uniform,in_support_k1_5,uniform,5,1,5,0.0557503577324955,0.0952565855310676,0.039506227798572095,PDE reference
lf,0.4,307,full_one_step,k1_5_uniform,in_support_k1_5,uniform,5,1,5,0.0708680327414189,0.0838776336742557,0.013009600932836804,PDE reference
lf,0.4,308,full_one_step,k1_5_uniform,in_support_k1_5,uniform,5,1,5,0.0573189216444583,0.0940873442638778,0.0367684226194195,PDE reference
lf,0.4,309,full_one_step,k1_5_uniform,in_support_k1_5,uniform,5,1,5,0.0616490085749937,0.0902010828155812,0.028552074240587505,PDE reference
lf,0.4,310,full_one_step,k1_5_uniform,in_support_k1_5,uniform,5,1,5,0.052374402710494,0.0981856885004651,0.045811285789971096,PDE reference
lf,0.4,311,full_one_step,k1_5_uniform,in_support_k1_5,uniform,5,1,5,0.0663785594051746,0.0865157906706962,0.020137231265521596,PDE reference
lf,0.4,312,full_one_step,k1_5_uniform,in_support_k1_5,uniform,5,1,5,0.0503791981976426,0.1009366056185148,0.0505574074208722,PDE reference
lf,0.4,313,full_one_step,k1_5_uniform,in_support_k1_5,uniform,5,1,5,0.0808141867510194,0.0762138134400527,-0.004600373310966702,identity
lf,0.4,314,full_one_step,k1_5_uniform,in_support_k1_5,uniform,5,1,5,0.0406444511338354,0.1091038811005475,0.0684594299667121,PDE reference
lf,0.4,315,full_one_step,k1_5_uniform,in_support_k1_5,uniform,5,1,5,0.0642472286353562,0.0887810872969145,0.0245338586615583,PDE reference
lf,0.4,316,full_one_step,k1_5_uniform,in_support_k1_5,uniform,5,1,5,0.079213561941959,0.0761560197297736,-0.0030575422121854046,identity
lf,0.4,317,full_one_step,k1_5_uniform,in_support_k1_5,uniform,5,1,5,0.0816943119195859,0.07597132873562,-0.005722983183965899,identity
lf,0.4,318,full_one_step,k1_5_uniform,in_support_k1_5,uniform,5,1,5,0.0474620407073634,0.1013298163646942,0.053867775657330794,PDE reference
lf,0.4,319,full_one_step,k1_5_uniform,in_support_k1_5,uniform,5,1,5,0.0573922379699945,0.093418740181883,0.036026502211888495,PDE reference
lf,0.4,300,full_one_step,k6_8_uniform,near_support_k6_8,uniform,3,6,8,0.3576652703219584,0.0392962404729367,-0.3183690298490217,identity
lf,0.4,301,full_one_step,k6_8_uniform,near_support_k6_8,uniform,3,6,8,0.2810456679428008,0.0747163052477274,-0.20632936269507338,identity
lf,0.4,302,full_one_step,k6_8_uniform,near_support_k6_8,uniform,3,6,8,0.3238044818102792,0.0418533950569825,-0.2819510867532967,identity
lf,0.4,303,full_one_step,k6_8_uniform,near_support_k6_8,uniform,3,6,8,0.3114056074697668,0.0385652768196923,-0.2728403306500745,identity
lf,0.4,304,full_one_step,k6_8_uniform,near_support_k6_8,uniform,3,6,8,0.3008058029231729,0.0552950898004677,-0.24551071312270517,identity
lf,0.4,305,full_one_step,k6_8_uniform,near_support_k6_8,uniform,3,6,8,0.277582403329574,0.0775607251667804,-0.2000216781627936,identity
lf,0.4,306,full_one_step,k6_8_uniform,near_support_k6_8,uniform,3,6,8,0.273964855525964,0.080203042115964,-0.19376181340999998,identity
lf,0.4,307,full_one_step,k6_8_uniform,near_support_k6_8,uniform,3,6,8,0.2934668965638048,0.0585103817546402,-0.23495651480916463,identity
lf,0.4,308,full_one_step,k6_8_uniform,near_support_k6_8,uniform,3,6,8,0.2832647809384816,0.0722063805640065,-0.21105840037447512,identity
lf,0.4,309,full_one_step,k6_8_uniform,near_support_k6_8,uniform,3,6,8,0.2971342610115124,0.0645594290924777,-0.23257483191903472,identity
lf,0.4,310,full_one_step,k6_8_uniform,near_support_k6_8,uniform,3,6,8,0.276127352791222,0.0819511943350077,-0.19417615845621433,identity
lf,0.4,311,full_one_step,k6_8_uniform,near_support_k6_8,uniform,3,6,8,0.285912813562651,0.0666475241768263,-0.21926528938582474,identity
lf,0.4,312,full_one_step,k6_8_uniform,near_support_k6_8,uniform,3,6,8,0.2965780936766276,0.0589546231983442,-0.23762347047828336,identity
lf,0.4,313,full_one_step,k6_8_uniform,near_support_k6_8,uniform,3,6,8,0.2974668445955249,0.0544532819692896,-0.2430135626262353,identity
lf,0.4,314,full_one_step,k6_8_uniform,near_support_k6_8,uniform,3,6,8,0.2914973063749134,0.0630530739110971,-0.2284442324638163,identity
lf,0.4,315,full_one_step,k6_8_uniform,near_support_k6_8,uniform,3,6,8,0.288009700616387,0.0637748980160724,-0.2242348026003146,identity
lf,0.4,316,full_one_step,k6_8_uniform,near_support_k6_8,uniform,3,6,8,0.2851209366813809,0.0642567659287021,-0.22086417075267878,identity
lf,0.4,317,full_one_step,k6_8_uniform,near_support_k6_8,uniform,3,6,8,0.2936006691637475,0.056647484498654,-0.2369531846650935,identity
lf,0.4,318,full_one_step,k6_8_uniform,near_support_k6_8,uniform,3,6,8,0.2838175449701936,0.0690469765068948,-0.21477056846329884,identity
lf,0.4,319,full_one_step,k6_8_uniform,near_support_k6_8,uniform,3,6,8,0.2834272128081496,0.0719144801532028,-0.2115127326549468,identity
lf,0.4,300,full_one_step,k9_32_uniform,spectral_extrapolation_k9_nyquist,uniform,24,9,32,1.4624482411995383,0.0157870629716677,-1.4466611782278707,identity
lf,0.4,301,full_one_step,k9_32_uniform,spectral_extrapolation_k9_nyquist,uniform,24,9,32,1.449859603687052,0.0325706973104699,-1.4172889063765821,identity
lf,0.4,302,full_one_step,k9_32_uniform,spectral_extrapolation_k9_nyquist,uniform,24,9,32,1.4673337708863534,0.0099086251699095,-1.457425145716444,identity
lf,0.4,303,full_one_step,k9_32_uniform,spectral_extrapolation_k9_nyquist,uniform,24,9,32,1.4641155130616788,0.0138006175874366,-1.4503148954742422,identity
lf,0.4,304,full_one_step,k9_32_uniform,spectral_extrapolation_k9_nyquist,uniform,24,9,32,1.4573713846418164,0.0183568745588744,-1.439014510082942,identity
lf,0.4,305,full_one_step,k9_32_uniform,spectral_extrapolation_k9_nyquist,uniform,24,9,32,1.4494947217007612,0.0281014661806382,-1.421393255520123,identity
lf,0.4,306,full_one_step,k9_32_uniform,spectral_extrapolation_k9_nyquist,uniform,24,9,32,1.4509861311245171,0.0275487991114272,-1.42343733201309,identity
lf,0.4,307,full_one_step,k9_32_uniform,spectral_extrapolation_k9_nyquist,uniform,24,9,32,1.4555325834609705,0.0204820623677432,-1.4350505210932272,identity
lf,0.4,308,full_one_step,k9_32_uniform,spectral_extrapolation_k9_nyquist,uniform,24,9,32,1.4500132555587193,0.0290800582934269,-1.4209331972652923,identity
lf,0.4,309,full_one_step,k9_32_uniform,spectral_extrapolation_k9_nyquist,uniform,24,9,32,1.448310298642953,0.0321326732907396,-1.4161776253522134,identity
lf,0.4,310,full_one_step,k9_32_uniform,spectral_extrapolation_k9_nyquist,uniform,24,9,32,1.449803987513017,0.0297297744917735,-1.4200742130212436,identity
lf,0.4,311,full_one_step,k9_32_uniform,spectral_extrapolation_k9_nyquist,uniform,24,9,32,1.4468300399220126,0.0334712942971966,-1.413358745624816,identity
lf,0.4,312,full_one_step,k9_32_uniform,spectral_extrapolation_k9_nyquist,uniform,24,9,32,1.452754134782693,0.0255706792974449,-1.4271834554852483,identity
lf,0.4,313,full_one_step,k9_32_uniform,spectral_extrapolation_k9_nyquist,uniform,24,9,32,1.4523112845309891,0.0291671644050831,-1.423144120125906,identity
lf,0.4,314,full_one_step,k9_32_uniform,spectral_extrapolation_k9_nyquist,uniform,24,9,32,1.455216140028018,0.0214026109054154,-1.4338135291226024,identity
lf,0.4,315,full_one_step,k9_32_uniform,spectral_extrapolation_k9_nyquist,uniform,24,9,32,1.4560856882706557,0.0216953699881979,-1.4343903182824578,identity
lf,0.4,316,full_one_step,k9_32_uniform,spectral_extrapolation_k9_nyquist,uniform,24,9,32,1.4438245354777617,0.0342771079152463,-1.4095474275625153,identity
lf,0.4,317,full_one_step,k9_32_uniform,spectral_extrapolation_k9_nyquist,uniform,24,9,32,1.4566831681878911,0.0248451934091976,-1.4318379747786936,identity
lf,0.4,318,full_one_step,k9_32_uniform,spectral_extrapolation_k9_nyquist,uniform,24,9,32,1.4531836897247754,0.0259774114746018,-1.4272062782501735,identity
lf,0.4,319,full_one_step,k9_32_uniform,spectral_extrapolation_k9_nyquist,uniform,24,9,32,1.4508085246349285,0.0288294634893903,-1.4219790611455383,identity
