pde,r,reference_scope,scope_label,evaluation_scope,weighting,n_model_seeds,n_modes,mode_min,mode_max,mean_rmse_pde_reference,mean_rmse_identity,mean_delta_identity_minus_pde,mean_delta_ci_lower,mean_delta_ci_upper,fraction_model_seeds_closer_to_pde,confidence_level,bootstrap_replicates,bootstrap_seed,resampling_unit,interpretation
heat,0.1,full_one_step,k1_5_empirical_power,empirical_training_spectrum_k1_5,empirical_training_power,20,5,1,5,0.0018051261446451754,0.004282095995647136,0.0024769698510019597,0.0021517072159959153,0.0027879499156991277,1.0,0.95,20000,20260824,model seed within PDE-parameter condition,positive delta means the PDE reference is closer; negative delta means identity is closer
heat,0.1,full_one_step,k1_5_uniform,in_support_k1_5,uniform,20,5,1,5,0.00450844381716939,0.008958703810170734,0.004450259993001345,0.003552036051559577,0.005296601104368243,0.95,0.95,20000,20260824,model seed within PDE-parameter condition,positive delta means the PDE reference is closer; negative delta means identity is closer
heat,0.1,full_one_step,k6_8_uniform,near_support_k6_8,uniform,20,3,6,8,0.03949267672072958,0.007834509461173835,-0.03165816725955574,-0.0323041786257698,-0.031028829147211407,0.0,0.95,20000,20260824,model seed within PDE-parameter condition,positive delta means the PDE reference is closer; negative delta means identity is closer
heat,0.1,full_one_step,k9_32_uniform,spectral_extrapolation_k9_nyquist,uniform,20,24,9,32,0.280442436562678,0.008323785395845341,-0.2721186511668327,-0.2731572628947459,-0.2710902613546658,0.0,0.95,20000,20260824,model seed within PDE-parameter condition,positive delta means the PDE reference is closer; negative delta means identity is closer
heat,0.25,full_one_step,k1_5_empirical_power,empirical_training_spectrum_k1_5,empirical_training_power,20,5,1,5,0.007605612555217109,0.008140025304713664,0.000534412749496555,-0.0003195529112353102,0.0013745793203144743,0.55,0.95,20000,20260824,model seed within PDE-parameter condition,positive delta means the PDE reference is closer; negative delta means identity is closer
heat,0.25,full_one_step,k1_5_uniform,in_support_k1_5,uniform,20,5,1,5,0.018905417107231016,0.01536153201226378,-0.0035438850949672347,-0.005903634629812785,-0.0012255144638957862,0.3,0.95,20000,20260824,model seed within PDE-parameter condition,positive delta means the PDE reference is closer; negative delta means identity is closer
heat,0.25,full_one_step,k6_8_uniform,near_support_k6_8,uniform,20,3,6,8,0.10368262050472594,0.014176698809424895,-0.08950592169530104,-0.09079183327749946,-0.08820464204833173,0.0,0.95,20000,20260824,model seed within PDE-parameter condition,positive delta means the PDE reference is closer; negative delta means identity is closer
heat,0.25,full_one_step,k9_32_uniform,spectral_extrapolation_k9_nyquist,uniform,20,24,9,32,0.7073315771150248,0.014044723848700874,-0.6932868532663239,-0.6949457924757289,-0.6914820698878091,0.0,0.95,20000,20260824,model seed within PDE-parameter condition,positive delta means the PDE reference is closer; negative delta means identity is closer
heat,0.4,full_one_step,k1_5_empirical_power,empirical_training_spectrum_k1_5,empirical_training_power,20,5,1,5,0.014025327999680232,0.011621945432648351,-0.002403382567031885,-0.003406654639570633,-0.0013427707486348423,0.2,0.95,20000,20260824,model seed within PDE-parameter condition,positive delta means the PDE reference is closer; negative delta means identity is closer
heat,0.4,full_one_step,k1_5_uniform,in_support_k1_5,uniform,20,5,1,5,0.03459598741206791,0.020731543487955813,-0.013864443924112105,-0.01657201385989514,-0.01103548195685143,0.0,0.95,20000,20260824,model seed within PDE-parameter condition,positive delta means the PDE reference is closer; negative delta means identity is closer
heat,0.4,full_one_step,k6_8_uniform,near_support_k6_8,uniform,20,3,6,8,0.16925976210658766,0.01908746895832831,-0.15017229314825936,-0.1520945123691395,-0.14809036372155618,0.0,0.95,20000,20260824,model seed within PDE-parameter condition,positive delta means the PDE reference is closer; negative delta means identity is closer
heat,0.4,full_one_step,k9_32_uniform,spectral_extrapolation_k9_nyquist,uniform,20,24,9,32,1.1350901087349292,0.01882088399633919,-1.1162692247385904,-1.1180859257497913,-1.1142208334665933,0.0,0.95,20000,20260824,model seed within PDE-parameter condition,positive delta means the PDE reference is closer; negative delta means identity is closer
lf,0.1,full_one_step,k1_5_empirical_power,empirical_training_spectrum_k1_5,empirical_training_power,20,5,1,5,0.01799159186177258,0.021074496924084245,0.00308290506231166,0.001422258184807802,0.00478512808161989,0.7,0.95,20000,20260824,model seed within PDE-parameter condition,positive delta means the PDE reference is closer; negative delta means identity is closer
lf,0.1,full_one_step,k1_5_uniform,in_support_k1_5,uniform,20,5,1,5,0.04486856019097726,0.03367642927045407,-0.01119213092052318,-0.015351392002867413,-0.006828042334440471,0.1,0.95,20000,20260824,model seed within PDE-parameter condition,positive delta means the PDE reference is closer; negative delta means identity is closer
lf,0.1,full_one_step,k6_8_uniform,near_support_k6_8,uniform,20,3,6,8,0.21716928251032158,0.029082872175081948,-0.1880864103352396,-0.19348150326016061,-0.1826964523973309,0.0,0.95,20000,20260824,model seed within PDE-parameter condition,positive delta means the PDE reference is closer; negative delta means identity is closer
lf,0.1,full_one_step,k9_32_uniform,spectral_extrapolation_k9_nyquist,uniform,20,24,9,32,1.4238581471500664,0.020276040798853555,-1.4035821063512135,-1.405916716135468,-1.4010434033704329,0.0,0.95,20000,20260824,model seed within PDE-parameter condition,positive delta means the PDE reference is closer; negative delta means identity is closer
lf,0.25,full_one_step,k1_5_empirical_power,empirical_training_spectrum_k1_5,empirical_training_power,20,5,1,5,0.021961896285905794,0.03881437573537217,0.016852479449466384,0.014555427102103276,0.01908325970450829,1.0,0.95,20000,20260824,model seed within PDE-parameter condition,positive delta means the PDE reference is closer; negative delta means identity is closer
lf,0.25,full_one_step,k1_5_uniform,in_support_k1_5,uniform,20,5,1,5,0.05403500200200837,0.05667601997819397,0.002641017976185605,-0.003729153121196309,0.008842794884397412,0.6,0.95,20000,20260824,model seed within PDE-parameter condition,positive delta means the PDE reference is closer; negative delta means identity is closer
lf,0.25,full_one_step,k6_8_uniform,near_support_k6_8,uniform,20,3,6,8,0.24421581051158628,0.04695952757451803,-0.19725628293706826,-0.2078856125168521,-0.18852515115599563,0.0,0.95,20000,20260824,model seed within PDE-parameter condition,positive delta means the PDE reference is closer; negative delta means identity is closer
lf,0.25,full_one_step,k9_32_uniform,spectral_extrapolation_k9_nyquist,uniform,20,24,9,32,1.4306034368949971,0.026511153288230387,-1.4040922836067664,-1.4092749865770635,-1.3995337994086772,0.0,0.95,20000,20260824,model seed within PDE-parameter condition,positive delta means the PDE reference is closer; negative delta means identity is closer
lf,0.4,full_one_step,k1_5_empirical_power,empirical_training_spectrum_k1_5,empirical_training_power,20,5,1,5,0.02422748072345249,0.06172431416469011,0.03749683344123762,0.033572776767491444,0.04124230024285198,1.0,0.95,20000,20260824,model seed within PDE-parameter condition,positive delta means the PDE reference is closer; negative delta means identity is closer
lf,0.4,full_one_step,k1_5_uniform,in_support_k1_5,uniform,20,5,1,5,0.059643859447980827,0.09288065259618007,0.033236793148199245,0.02245323737092231,0.043553479503588066,0.8,0.95,20000,20260824,model seed within PDE-parameter condition,positive delta means the PDE reference is closer; negative delta means identity is closer
lf,0.4,full_one_step,k6_8_uniform,near_support_k6_8,uniform,20,3,6,8,0.29408492515390555,0.06267332843928831,-0.2314115967146173,-0.24545880536489287,-0.21917825359082152,0.0,0.95,20000,20260824,model seed within PDE-parameter condition,positive delta means the PDE reference is closer; negative delta means identity is closer
lf,0.4,full_one_step,k9_32_uniform,spectral_extrapolation_k9_nyquist,uniform,20,24,9,32,1.4536483348518552,0.025136750325794033,-1.4285115845260612,-1.4341157448593265,-1.4233285760446535,0.0,0.95,20000,20260824,model seed within PDE-parameter condition,positive delta means the PDE reference is closer; negative delta means identity is closer
