pde,r,seed,comparison,baseline,contrast,mse_comparison,mse_baseline,mse_difference,mse_ratio,log_mse_ratio,excess_comparison,excess_baseline,excess_difference,mse_sign
heat,0.1,100,analytical_stencil,frozen_per_head_validation,analytical_stencil_vs_frozen_per_head_validation,1.5912239362592118e-05,9.41819739419536e-08,1.5818057388650164e-05,168.95206902755274,5.129615059475089,29.740482151468463,0.1712420869376211,29.56924006453084,higher
heat,0.1,101,analytical_stencil,frozen_per_head_validation,analytical_stencil_vs_frozen_per_head_validation,1.3254776067839202e-06,2.280223061756903e-08,1.3026753761663512e-06,58.12929572612273,4.0626697661422355,2.136860743100358,0.0338233773580879,2.1030373657422703,higher
heat,0.1,102,analytical_stencil,frozen_per_head_validation,analytical_stencil_vs_frozen_per_head_validation,1.1342272301817502e-05,6.794861306946842e-08,1.1274323688748034e-05,166.92426510930454,5.117540207213975,16.696761853295865,0.0957263134595334,16.60103553983633,higher
heat,0.1,103,analytical_stencil,frozen_per_head_validation,analytical_stencil_vs_frozen_per_head_validation,3.875087053017978e-06,8.517339955549376e-08,3.7899136534624844e-06,45.49644693344909,3.817634233533026,6.405505168082128,0.1372212313484544,6.268283936733674,higher
heat,0.1,104,analytical_stencil,frozen_per_head_validation,analytical_stencil_vs_frozen_per_head_validation,1.1602951985878462e-06,7.440260857416447e-08,1.0858925900136818e-06,15.594818794979005,2.74693873056161,1.8610855118710772,0.1150691674800774,1.7460163443909997,higher
heat,0.1,105,analytical_stencil,frozen_per_head_validation,analytical_stencil_vs_frozen_per_head_validation,1.0514000720718286e-05,8.52225642833382e-08,1.0428778156434948e-05,123.37109085057031,4.815196812149902,16.221690596371438,0.1280943234081474,16.09359627296329,higher
heat,0.1,106,analytical_stencil,frozen_per_head_validation,analytical_stencil_vs_frozen_per_head_validation,2.048617949412801e-05,7.791704925708133e-08,2.0408262444870928e-05,262.9229377839429,5.57186097701294,38.77793588709108,0.1431251800355646,38.63481070705552,higher
heat,0.1,107,analytical_stencil,frozen_per_head_validation,analytical_stencil_vs_frozen_per_head_validation,2.0994937628415755e-06,2.738574966798524e-08,2.0721080131735903e-06,76.66373162301802,4.3394287363442405,3.8745329902576553,0.0476195508823888,3.8269134393752666,higher
heat,0.1,108,analytical_stencil,frozen_per_head_validation,analytical_stencil_vs_frozen_per_head_validation,2.9544574402962095e-05,9.311486116880818e-08,2.9451459541793287e-05,317.2917194109397,5.759821601214074,41.26821750368734,0.1250923366535026,41.14312516703384,higher
heat,0.1,109,analytical_stencil,frozen_per_head_validation,analytical_stencil_vs_frozen_per_head_validation,4.773740741370602e-06,7.133854401653039e-08,4.702402197354072e-06,66.91671111572508,4.203448728403498,7.954218666446545,0.1146124837867186,7.839606182659827,higher
heat,0.1,110,analytical_stencil,frozen_per_head_validation,analytical_stencil_vs_frozen_per_head_validation,1.077250843195543e-06,3.814742699503881e-08,1.0391034162005042e-06,28.239148169433363,3.340709248198193,2.173865139563399,0.0743193218812669,2.099545817682132,higher
heat,0.1,111,analytical_stencil,frozen_per_head_validation,analytical_stencil_vs_frozen_per_head_validation,5.584911271228066e-06,6.84406953332939e-08,5.516470575894772e-06,81.60219945210302,4.4018562156766965,8.447087978500445,0.0995737936102589,8.347514184890185,higher
heat,0.1,112,analytical_stencil,frozen_per_head_validation,analytical_stencil_vs_frozen_per_head_validation,3.379773609424319e-06,4.6949918064420615e-08,3.3328236913598985e-06,71.98678397663839,4.276482546287591,6.554183950417977,0.0875278118218362,6.466656138596141,higher
heat,0.1,113,analytical_stencil,frozen_per_head_validation,analytical_stencil_vs_frozen_per_head_validation,7.447680179240024e-06,5.7659757080053e-08,7.390020422159971e-06,129.16599993475342,4.861098398316512,11.632355904552698,0.0861266746165736,11.546229229936124,higher
heat,0.1,114,analytical_stencil,frozen_per_head_validation,analytical_stencil_vs_frozen_per_head_validation,3.3690100110561616e-05,7.738704191351253e-08,3.3612713068648103e-05,435.3454955445066,6.076139958475964,54.78700832183908,0.1211701937948739,54.66583812804421,higher
heat,0.1,115,analytical_stencil,frozen_per_head_validation,analytical_stencil_vs_frozen_per_head_validation,1.973048918557652e-05,7.211005925711333e-08,1.9658379126319406e-05,273.6163218952035,5.611726840018765,40.88066998826816,0.1438177781141512,40.73685221015401,higher
heat,0.1,116,analytical_stencil,frozen_per_head_validation,analytical_stencil_vs_frozen_per_head_validation,2.190746249652875e-05,9.288994962108889e-08,2.1814572546907662e-05,235.84319494081285,5.463167155978465,40.67880787807861,0.1667012549558457,40.51210662312276,higher
heat,0.1,117,analytical_stencil,frozen_per_head_validation,analytical_stencil_vs_frozen_per_head_validation,2.207146883392852e-05,7.762384274245805e-08,2.1993844991186062e-05,284.3387811546213,5.650166418621103,53.33141438222059,0.180509074790747,53.150905307429845,higher
heat,0.1,118,analytical_stencil,frozen_per_head_validation,analytical_stencil_vs_frozen_per_head_validation,6.879111353441658e-06,4.7376675166299627e-08,6.8317346782753585e-06,145.20038245180544,4.978114736352829,10.367245321896402,0.0682105541255302,10.299034767770872,higher
heat,0.1,119,analytical_stencil,frozen_per_head_validation,analytical_stencil_vs_frozen_per_head_validation,4.654959418814997e-06,7.983919764198434e-08,4.5751202211730124e-06,58.30418586730804,4.065673889532179,10.165392958554325,0.1698881302569263,9.995504828297399,higher
heat,0.1,100,frozen_layer_mean_validation,frozen_per_head_validation,frozen_layer_mean_validation_vs_frozen_per_head_validation,2.0669177747123518e-07,9.41819739419536e-08,1.1250980352928158e-07,2.1946001853669346,0.7859998820395789,0.3815605418799837,0.1712420869376211,0.21031845494236256,higher
heat,0.1,101,frozen_layer_mean_validation,frozen_per_head_validation,frozen_layer_mean_validation_vs_frozen_per_head_validation,1.3876619336938845e-07,2.280223061756903e-08,1.1596396275181942e-07,6.085641168038605,1.8059320895062914,0.2210354420125426,0.0338233773580879,0.1872120646544547,higher
heat,0.1,102,frozen_layer_mean_validation,frozen_per_head_validation,frozen_layer_mean_validation_vs_frozen_per_head_validation,1.6260145846436205e-07,6.794861306946842e-08,9.465284539489363e-08,2.393006289887384,0.8725504373755124,0.2350992189860513,0.0957263134595334,0.13937290552651788,higher
heat,0.1,103,frozen_layer_mean_validation,frozen_per_head_validation,frozen_layer_mean_validation_vs_frozen_per_head_validation,1.0800505628738577e-07,8.517339955549376e-08,2.2831656731892012e-08,1.268060883457121,0.23748887020706705,0.1749833864336461,0.1372212313484544,0.037762155085191706,higher
heat,0.1,104,frozen_layer_mean_validation,frozen_per_head_validation,frozen_layer_mean_validation_vs_frozen_per_head_validation,2.29780296345794e-07,7.440260857416447e-08,1.5537768777162952e-07,3.0883365617046765,1.127632616412869,0.3649023322864866,0.1150691674800774,0.2498331648064092,higher
heat,0.1,105,frozen_layer_mean_validation,frozen_per_head_validation,frozen_layer_mean_validation_vs_frozen_per_head_validation,1.72567592104933e-07,8.52225642833382e-08,8.73450278215948e-08,2.0249049480745507,0.7055227602343785,0.2628843815650683,0.1280943234081474,0.13479005815692094,higher
heat,0.1,106,frozen_layer_mean_validation,frozen_per_head_validation,frozen_layer_mean_validation_vs_frozen_per_head_validation,1.5889503418575757e-07,7.791704925708133e-08,8.097798492867624e-08,2.0392845429951483,0.712599032123446,0.2964243218713501,0.1431251800355646,0.1532991418357855,higher
heat,0.1,107,frozen_layer_mean_validation,frozen_per_head_validation,frozen_layer_mean_validation_vs_frozen_per_head_validation,2.0649913368142594e-07,2.738574966798524e-08,1.791133840134407e-07,7.54038637557655,2.02027342415213,0.3784186270382686,0.0476195508823888,0.33079907615587983,higher
heat,0.1,108,frozen_layer_mean_validation,frozen_per_head_validation,frozen_layer_mean_validation_vs_frozen_per_head_validation,1.2466024343349424e-07,9.311486116880818e-08,3.154538226468606e-08,1.3387792439221635,0.29175818674080234,0.1691606317787798,0.1250923366535026,0.044068295125277185,higher
heat,0.1,109,frozen_layer_mean_validation,frozen_per_head_validation,frozen_layer_mean_validation_vs_frozen_per_head_validation,2.028700035738851e-07,7.133854401653039e-08,1.315314595573547e-07,2.843764284380076,1.045128626783216,0.3338950547544497,0.1146124837867186,0.2192825709677311,higher
heat,0.1,110,frozen_layer_mean_validation,frozen_per_head_validation,frozen_layer_mean_validation_vs_frozen_per_head_validation,1.7835112936515077e-07,3.814742699503881e-08,1.4020370237011195e-07,4.675312161639261,1.5422959330546206,0.3576059441224538,0.0743193218812669,0.2832866222411869,higher
heat,0.1,111,frozen_layer_mean_validation,frozen_per_head_validation,frozen_layer_mean_validation_vs_frozen_per_head_validation,2.1483386514198346e-07,6.84406953332939e-08,1.4639316980868955e-07,3.1389784118320407,1.1438974004331854,0.321095696924474,0.0995737936102589,0.22152190331421506,higher
heat,0.1,112,frozen_layer_mean_validation,frozen_per_head_validation,frozen_layer_mean_validation_vs_frozen_per_head_validation,1.5168378530994178e-07,4.6949918064420615e-08,1.0473386724552117e-07,3.230757189007538,1.172716533602933,0.2907422534672061,0.0875278118218362,0.20321444164536992,higher
heat,0.1,113,frozen_layer_mean_validation,frozen_per_head_validation,frozen_layer_mean_validation_vs_frozen_per_head_validation,1.4907234002770053e-07,5.7659757080053e-08,9.141258294764754e-08,2.585379258895128,0.949872212438659,0.2289504527551451,0.0861266746165736,0.1428237781385715,higher
heat,0.1,114,frozen_layer_mean_validation,frozen_per_head_validation,frozen_layer_mean_validation_vs_frozen_per_head_validation,1.3863852493800621e-07,7.738704191351253e-08,6.125148302449368e-08,1.7914953396583901,0.5830506563966021,0.2207861828190615,0.1211701937948739,0.09961598902418761,higher
heat,0.1,115,frozen_layer_mean_validation,frozen_per_head_validation,frozen_layer_mean_validation_vs_frozen_per_head_validation,1.0930274607634517e-07,7.211005925711333e-08,3.719268681923184e-08,1.515776678072317,0.4159279663903166,0.2208898997025022,0.1438177781141512,0.077072121588351,higher
heat,0.1,116,frozen_layer_mean_validation,frozen_per_head_validation,frozen_layer_mean_validation_vs_frozen_per_head_validation,1.3855117500516378e-07,9.288994962108889e-08,4.56612253840749e-08,1.491562602524099,0.39982429695411575,0.2514992690963661,0.1667012549558457,0.0847980141405204,higher
heat,0.1,117,frozen_layer_mean_validation,frozen_per_head_validation,frozen_layer_mean_validation_vs_frozen_per_head_validation,9.927517530261555e-08,7.762384274245805e-08,2.16513325601575e-08,1.278926316904881,0.24602091101137388,0.2328322555327127,0.180509074790747,0.05232318074196571,higher
heat,0.1,118,frozen_layer_mean_validation,frozen_per_head_validation,frozen_layer_mean_validation_vs_frozen_per_head_validation,2.147058166812599e-07,4.7376675166299627e-08,1.6732914151496028e-07,4.53188865465144,1.511138774163909,0.3204640047175071,0.0682105541255302,0.2522534505919769,higher
heat,0.1,119,frozen_layer_mean_validation,frozen_per_head_validation,frozen_layer_mean_validation_vs_frozen_per_head_validation,2.540772514603163e-07,7.983919764198434e-08,1.7423805381833196e-07,3.1823622852480535,1.1576237780066394,0.5505551344056723,0.1698881302569263,0.380667004148746,higher
heat,0.1,100,frozen_per_head_validation,original,frozen_per_head_validation_vs_original,9.41819739419536e-08,2.5760634545651806e-09,9.160591048738842e-08,36.56042469569166,3.598966362921424,0.1712420869376211,0.0,0.1712420869376211,higher
heat,0.1,101,frozen_per_head_validation,original,frozen_per_head_validation_vs_original,2.280223061756903e-08,1.851161682275837e-09,2.0951068935293193e-08,12.317795271959032,2.511044986892851,0.0338233773580879,0.0,0.0338233773580879,higher
heat,0.1,102,frozen_per_head_validation,original,frozen_per_head_validation_vs_original,6.794861306946842e-08,2.937641863272333e-09,6.501097120619609e-08,23.130325693880973,3.141144557159385,0.0957263134595334,0.0,0.0957263134595334,higher
heat,0.1,103,frozen_per_head_validation,original,frozen_per_head_validation_vs_original,8.517339955549376e-08,2.2070528677212153e-09,8.296634668777254e-08,38.591463213763156,3.653031091746044,0.1372212313484544,0.0,0.1372212313484544,higher
heat,0.1,104,frozen_per_head_validation,original,frozen_per_head_validation_vs_original,7.440260857416447e-08,2.8381259694829075e-09,7.156448260468157e-08,26.215400364248193,3.2663470382423476,0.1150691674800774,0.0,0.1150691674800774,higher
heat,0.1,105,frozen_per_head_validation,original,frozen_per_head_validation_vs_original,8.52225642833382e-08,2.2164257382564782e-09,8.300613854508172e-08,38.45044876187794,3.649370367193763,0.1280943234081474,0.0,0.1280943234081474,higher
heat,0.1,106,frozen_per_head_validation,original,frozen_per_head_validation_vs_original,7.791704925708133e-08,2.3133078855264166e-09,7.560374137155491e-08,33.68209210048602,3.5169663044427484,0.1431251800355646,0.0,0.1431251800355646,higher
heat,0.1,107,frozen_per_head_validation,original,frozen_per_head_validation_vs_original,2.738574966798524e-08,1.6018236580900291e-09,2.578392600989521e-08,17.096607063875723,2.8388800265040848,0.0476195508823888,0.0,0.0476195508823888,higher
heat,0.1,108,frozen_per_head_validation,original,frozen_per_head_validation_vs_original,9.311486116880818e-08,3.5700860215141794e-09,8.9544775147294e-08,26.081965702696262,3.2612441062540225,0.1250923366535026,0.0,0.1250923366535026,higher
heat,0.1,109,frozen_per_head_validation,original,frozen_per_head_validation_vs_original,7.133854401653039e-08,2.590958609119398e-09,6.8747585407411e-08,27.53364865244859,3.3154088440613547,0.1146124837867186,0.0,0.1146124837867186,higher
heat,0.1,110,frozen_per_head_validation,original,frozen_per_head_validation_vs_original,3.814742699503881e-08,1.365442717227161e-09,3.6781984277811646e-08,27.93777176717142,3.329979600010462,0.0743193218812669,0.0,0.0743193218812669,higher
heat,0.1,111,frozen_per_head_validation,original,frozen_per_head_validation_vs_original,6.84406953332939e-08,2.6371650349577003e-09,6.58035302983362e-08,25.952374775965314,3.2562631189494655,0.0995737936102589,0.0,0.0995737936102589,higher
heat,0.1,112,frozen_per_head_validation,original,frozen_per_head_validation_vs_original,4.6949918064420615e-08,1.8393139684935718e-09,4.511060409592704e-08,25.5257769302287,3.239688801598421,0.0875278118218362,0.0,0.0875278118218362,higher
heat,0.1,113,frozen_per_head_validation,original,frozen_per_head_validation_vs_original,5.7659757080053e-08,2.535450119387633e-09,5.5124306960665365e-08,22.741428292811023,3.12418829606019,0.0861266746165736,0.0,0.0861266746165736,higher
heat,0.1,114,frozen_per_head_validation,original,frozen_per_head_validation_vs_original,7.738704191351253e-08,2.882395209666266e-09,7.450464670384627e-08,26.848171844718227,3.290197730916808,0.1211701937948739,0.0,0.1211701937948739,higher
heat,0.1,115,frozen_per_head_validation,original,frozen_per_head_validation_vs_original,7.211005925711333e-08,2.7079269399737926e-09,6.940213231713954e-08,26.629248445606592,3.2820101773324564,0.1438177781141512,0.0,0.1438177781141512,higher
heat,0.1,116,frozen_per_head_validation,original,frozen_per_head_validation_vs_original,9.288994962108889e-08,3.1262487668048955e-09,8.976370085428399e-08,29.712910439953486,3.391581646304105,0.1667012549558457,0.0,0.1667012549558457,higher
heat,0.1,117,frozen_per_head_validation,original,frozen_per_head_validation_vs_original,7.762384274245805e-08,2.9291863205826996e-09,7.469465642187535e-08,26.500138347982055,3.277149953657117,0.180509074790747,0.0,0.180509074790747,higher
heat,0.1,118,frozen_per_head_validation,original,frozen_per_head_validation_vs_original,4.7376675166299627e-08,2.130065309031981e-09,4.5246609857267646e-08,22.24188853055881,3.1019773817196197,0.0682105541255302,0.0,0.0682105541255302,higher
heat,0.1,119,frozen_per_head_validation,original,frozen_per_head_validation_vs_original,7.983919764198434e-08,2.078380812071956e-09,7.776081682991238e-08,38.414133337957416,3.6484254475537803,0.1698881302569263,0.0,0.1698881302569263,higher
heat,0.25,100,analytical_stencil,frozen_per_head_validation,analytical_stencil_vs_frozen_per_head_validation,1.495596540124211e-05,2.198163098661443e-07,1.4736149091375966e-05,68.03846998591436,4.220073280295319,11.344086072485094,0.1643334999602926,11.179752572524801,higher
heat,0.25,101,analytical_stencil,frozen_per_head_validation,analytical_stencil_vs_frozen_per_head_validation,4.517866667441695e-06,7.41745792599835e-08,4.443692088181712e-06,60.90855806012024,4.109373691281692,2.599460617758833,0.0408086489918775,2.5586519687669558,higher
heat,0.25,102,analytical_stencil,frozen_per_head_validation,analytical_stencil_vs_frozen_per_head_validation,8.292439004264907e-05,4.838769397108589e-07,8.24405131029382e-05,171.37495763323753,5.143853890665745,45.4853257310917,0.2620032563853399,45.22332247470636,higher
heat,0.25,103,analytical_stencil,frozen_per_head_validation,analytical_stencil_vs_frozen_per_head_validation,3.307187223100527e-05,2.0512479094458858e-07,3.2866747440060684e-05,161.22806062939097,5.082819888306833,21.540968589639345,0.1316067255559105,21.409361864083433,higher
heat,0.25,104,analytical_stencil,frozen_per_head_validation,analytical_stencil_vs_frozen_per_head_validation,1.4686764979288114e-05,4.745931622106292e-07,1.4212171817077485e-05,30.94601049639645,3.4322440892516943,10.448582793447338,0.3346227808567607,10.113960012590578,higher
heat,0.25,105,analytical_stencil,frozen_per_head_validation,analytical_stencil_vs_frozen_per_head_validation,6.518491187534892e-05,2.977013037093468e-07,6.488721057163957e-05,218.96078741727842,5.388892660895479,42.13571335264512,0.1896132131404205,41.9461001395047,higher
heat,0.25,106,analytical_stencil,frozen_per_head_validation,analytical_stencil_vs_frozen_per_head_validation,6.208810786745289e-05,4.164877230559972e-07,6.16716201443969e-05,149.07548153371397,5.004452765147934,49.56038137437771,0.3294177104837242,49.23096366389399,higher
heat,0.25,107,analytical_stencil,frozen_per_head_validation,analytical_stencil_vs_frozen_per_head_validation,1.7230960212444302e-05,2.486782255273906e-07,1.698228198691691e-05,69.29018483987213,4.238303263262693,15.783739812922096,0.2242605626925849,15.559479250229511,higher
heat,0.25,108,analytical_stencil,frozen_per_head_validation,analytical_stencil_vs_frozen_per_head_validation,5.3786548008361024e-05,3.5493632413556575e-07,5.343161168422546e-05,151.53858410901213,5.020840273111367,23.909681069650983,0.1556377179712261,23.754043351679755,higher
heat,0.25,109,analytical_stencil,frozen_per_head_validation,analytical_stencil_vs_frozen_per_head_validation,3.294005216325502e-05,2.109270450731393e-07,3.272912511818188e-05,156.1679876178657,5.05093227157352,23.63654296019481,0.1484351348148959,23.488107825379913,higher
heat,0.25,110,analytical_stencil,frozen_per_head_validation,analytical_stencil_vs_frozen_per_head_validation,1.6245793821312304e-06,3.9314165034554094e-08,1.5852652170966763e-06,41.323003571444325,3.721419332109232,1.6351109877992906,0.037847352715885,1.5972636350834057,higher
heat,0.25,111,analytical_stencil,frozen_per_head_validation,analytical_stencil_vs_frozen_per_head_validation,4.253235383799847e-05,3.112913286168473e-07,4.2221062509381624e-05,136.6319904476022,4.917291110403561,24.811476939071422,0.1790409700259163,24.632435969045506,higher
heat,0.25,112,analytical_stencil,frozen_per_head_validation,analytical_stencil_vs_frozen_per_head_validation,3.658415732843423e-05,2.0038398919515482e-07,3.6383773339239076e-05,182.57026160311023,5.20713509401649,26.928806739490497,0.144939113940327,26.78386762555017,higher
heat,0.25,113,analytical_stencil,frozen_per_head_validation,analytical_stencil_vs_frozen_per_head_validation,1.5186832026614638e-05,1.3711958756282286e-07,1.5049712439051816e-05,110.7561092951554,4.707330570339766,8.149951254038966,0.0715464494110417,8.078404804627924,higher
heat,0.25,114,analytical_stencil,frozen_per_head_validation,analytical_stencil_vs_frozen_per_head_validation,6.583307458640775e-05,2.7853406036129624e-07,6.555454052604645e-05,236.35556276677033,5.4653372931026185,46.14281725713244,0.1926466824660408,45.9501705746664,higher
heat,0.25,115,analytical_stencil,frozen_per_head_validation,analytical_stencil_vs_frozen_per_head_validation,3.80752235713544e-05,2.296875062091086e-07,3.784553606514529e-05,165.76967637364888,5.110599333173597,36.488688450961206,0.2171094521341645,36.27157899882704,higher
heat,0.25,116,analytical_stencil,frozen_per_head_validation,analytical_stencil_vs_frozen_per_head_validation,3.2010282147609814e-05,3.3036584095452737e-07,3.167991630665529e-05,96.89343805982597,4.573611797922861,25.50001085711481,0.2605779760211067,25.239432881093702,higher
heat,0.25,117,analytical_stencil,frozen_per_head_validation,analytical_stencil_vs_frozen_per_head_validation,4.694774997915374e-05,2.3433530664182525e-07,4.6713414672511916e-05,200.34432989183324,5.300037535667613,51.47356742583588,0.2529721905377057,51.22059523529818,higher
heat,0.25,118,analytical_stencil,frozen_per_head_validation,analytical_stencil_vs_frozen_per_head_validation,2.57826069933742e-05,1.9329077649912765e-07,2.558931621687507e-05,133.38767353697583,4.893259726940625,15.198058157042183,0.1118004831509483,15.086257673891234,higher
heat,0.25,119,analytical_stencil,frozen_per_head_validation,analytical_stencil_vs_frozen_per_head_validation,4.583978154926172e-05,1.8285926068478678e-07,4.5656922288576936e-05,250.68340196497044,5.524190796211297,46.85621444666522,0.1845526753536157,46.671661771311605,higher
heat,0.25,100,frozen_layer_mean_validation,frozen_per_head_validation,frozen_layer_mean_validation_vs_frozen_per_head_validation,4.960675976661832e-07,2.198163098661443e-07,2.7625128780003894e-07,2.2567369908459494,0.8139199606269252,0.3739147838014836,0.1643334999602926,0.20958128384119099,higher
heat,0.25,101,frozen_layer_mean_validation,frozen_per_head_validation,frozen_layer_mean_validation_vs_frozen_per_head_validation,6.808440762978707e-07,7.41745792599835e-08,6.066694970378872e-07,9.178940859394666,2.216911823182606,0.3901254045598826,0.0408086489918775,0.3493167555680051,higher
heat,0.25,102,frozen_layer_mean_validation,frozen_per_head_validation,frozen_layer_mean_validation_vs_frozen_per_head_validation,4.928354929711887e-07,4.838769397108589e-07,8.958553260329793e-09,1.018514114902196,0.018344815108278664,0.2669175336957304,0.2620032563853399,0.0049142773103905135,higher
heat,0.25,103,frozen_layer_mean_validation,frozen_per_head_validation,frozen_layer_mean_validation_vs_frozen_per_head_validation,4.294693357609347e-07,2.0512479094458858e-07,2.2434454481634614e-07,2.0936978596455926,0.7389318134253219,0.2777445066358801,0.1316067255559105,0.14613778107996958,higher
heat,0.25,104,frozen_layer_mean_validation,frozen_per_head_validation,frozen_layer_mean_validation_vs_frozen_per_head_validation,3.782371566507514e-07,4.745931622106292e-07,-9.635600555987778e-08,0.7969713572967282,-0.22693653898485425,0.2660519248504647,0.3346227808567607,-0.06857085600629603,lower
heat,0.25,105,frozen_layer_mean_validation,frozen_per_head_validation,frozen_layer_mean_validation_vs_frozen_per_head_validation,3.4396975751027625e-07,2.977013037093468e-07,4.6268453800929477e-08,1.155419049982067,0.14446309201001917,0.2195232860089574,0.1896132131404205,0.02991007286853689,higher
heat,0.25,106,frozen_layer_mean_validation,frozen_per_head_validation,frozen_layer_mean_validation_vs_frozen_per_head_validation,3.988572687546599e-07,4.164877230559972e-07,-1.7630454301337303e-08,0.9576687298920289,-0.04325335424373162,0.3153437449700108,0.3294177104837242,-0.014073965513713427,lower
heat,0.25,107,frozen_layer_mean_validation,frozen_per_head_validation,frozen_layer_mean_validation_vs_frozen_per_head_validation,2.630949602622224e-07,2.486782255273906e-07,1.441673473483179e-08,1.0579734502458233,0.05635523883562958,0.2374694403413892,0.2242605626925849,0.013208877648804296,higher
heat,0.25,108,frozen_layer_mean_validation,frozen_per_head_validation,frozen_layer_mean_validation_vs_frozen_per_head_validation,5.879549600518175e-07,3.5493632413556575e-07,2.3301863591625172e-07,1.6565082807000944,0.5047119416587476,0.2592306024983843,0.1556377179712261,0.1035928845271582,higher
heat,0.25,109,frozen_layer_mean_validation,frozen_per_head_validation,frozen_layer_mean_validation_vs_frozen_per_head_validation,2.956787271690686e-07,2.109270450731393e-07,8.475168209592931e-08,1.401805667293834,0.3377611679449647,0.2092573120122218,0.1484351348148959,0.06082217719732591,higher
heat,0.25,110,frozen_layer_mean_validation,frozen_per_head_validation,frozen_layer_mean_validation_vs_frozen_per_head_validation,5.706650459957885e-07,3.9314165034554094e-08,5.313508809612344e-07,14.515507209531686,2.6752175406849963,0.5732198761749381,0.037847352715885,0.5353725234590531,higher
heat,0.25,111,frozen_layer_mean_validation,frozen_per_head_validation,frozen_layer_mean_validation_vs_frozen_per_head_validation,5.047975956962159e-07,3.112913286168473e-07,1.9350626707936858e-07,1.6216243412213567,0.4834283266629732,0.2919355882601787,0.1790409700259163,0.11289461823426239,higher
heat,0.25,112,frozen_layer_mean_validation,frozen_per_head_validation,frozen_layer_mean_validation_vs_frozen_per_head_validation,3.9352886793686537e-07,2.0038398919515482e-07,1.9314487874171055e-07,1.9638738080695954,0.6749189553576039,0.2871224662973453,0.144939113940327,0.1421833523570183,higher
heat,0.25,113,frozen_layer_mean_validation,frozen_per_head_validation,frozen_layer_mean_validation_vs_frozen_per_head_validation,5.345205840168177e-07,1.3711958756282286e-07,3.9740099645399485e-07,3.8982073496386587,1.3605167935235403,0.2848638886723689,0.0715464494110417,0.21331743926132718,higher
heat,0.25,114,frozen_layer_mean_validation,frozen_per_head_validation,frozen_layer_mean_validation_vs_frozen_per_head_validation,3.731130495399082e-07,2.7853406036129624e-07,9.457898917861196e-08,1.339559869467778,0.2923411043883967,0.2589414143131812,0.1926466824660408,0.06629473184714038,higher
heat,0.25,115,frozen_layer_mean_validation,frozen_per_head_validation,frozen_layer_mean_validation_vs_frozen_per_head_validation,3.0086210467406005e-07,2.296875062091086e-07,7.117459846495144e-08,1.3098757944637778,0.26993231933155776,0.2853239719783919,0.2171094521341645,0.06821451984422738,higher
heat,0.25,116,frozen_layer_mean_validation,frozen_per_head_validation,frozen_layer_mean_validation_vs_frozen_per_head_validation,3.67397559208893e-07,3.3036584095452737e-07,3.703171825436563e-08,1.1120930606728883,0.10624387998224921,0.2900811968726177,0.2605779760211067,0.02950322085151097,higher
heat,0.25,117,frozen_layer_mean_validation,frozen_per_head_validation,frozen_layer_mean_validation_vs_frozen_per_head_validation,2.3926366471416216e-07,2.3433530664182525e-07,4.928358072336909e-09,1.0210312229213918,0.020813119441090443,0.2583760651156506,0.2529721905377057,0.005403874577944889,higher
heat,0.25,118,frozen_layer_mean_validation,frozen_per_head_validation,frozen_layer_mean_validation_vs_frozen_per_head_validation,4.143062404260434e-07,1.9329077649912765e-07,2.2101546392691576e-07,2.143435128824749,0.7624097424620501,0.2421008088985053,0.1118004831509483,0.130300325747557,higher
heat,0.25,119,frozen_layer_mean_validation,frozen_per_head_validation,frozen_layer_mean_validation_vs_frozen_per_head_validation,3.4920134223126453e-07,1.8285926068478678e-07,1.6634208154647776e-07,1.9096727227461485,0.6469318780289957,0.3545917620709329,0.1845526753536157,0.1700390867173172,higher
heat,0.25,100,frozen_per_head_validation,original,frozen_per_head_validation_vs_original,2.198163098661443e-07,3.2066004461081543e-09,2.1660970942003616e-07,68.55120042565173,4.227580917534817,0.1643334999602926,0.0,0.1643334999602926,higher
heat,0.25,101,frozen_per_head_validation,original,frozen_per_head_validation_vs_original,7.41745792599835e-08,3.300903250822579e-09,7.087367600916092e-08,22.47099464108781,3.112225350508516,0.0408086489918775,0.0,0.0408086489918775,higher
heat,0.25,102,frozen_per_head_validation,original,frozen_per_head_validation_vs_original,4.838769397108589e-07,6.254294821622652e-09,4.776226448892362e-07,77.36714585919039,4.348562218378413,0.2620032563853399,0.0,0.2620032563853399,higher
heat,0.25,103,frozen_per_head_validation,original,frozen_per_head_validation_vs_original,2.0512479094458858e-07,3.0877083953897992e-09,2.0203708254919878e-07,66.43269528005192,4.196189334089844,0.1316067255559105,0.0,0.1316067255559105,higher
heat,0.25,104,frozen_per_head_validation,original,frozen_per_head_validation_vs_original,4.745931622106292e-07,4.380065705966718e-09,4.702130965046625e-07,108.35297780216345,4.6853942107811175,0.3346227808567607,0.0,0.3346227808567607,higher
heat,0.25,105,frozen_per_head_validation,original,frozen_per_head_validation_vs_original,2.977013037093468e-07,4.385061024361758e-09,2.93316242684985e-07,67.88988843152461,4.217887104940937,0.1896132131404205,0.0,0.1896132131404205,higher
heat,0.25,106,frozen_per_head_validation,original,frozen_per_head_validation_vs_original,4.164877230559972e-07,3.8262109132089495e-09,4.1266151214278823e-07,108.85121926190396,4.689981988921487,0.3294177104837242,0.0,0.3294177104837242,higher
heat,0.25,107,frozen_per_head_validation,original,frozen_per_head_validation_vs_original,2.486782255273906e-07,3.9106434674730794e-09,2.4476758205991753e-07,63.59010418509917,4.152457863666073,0.2242605626925849,0.0,0.2242605626925849,higher
heat,0.25,108,frozen_per_head_validation,original,frozen_per_head_validation_vs_original,3.5493632413556575e-07,4.849646809135244e-09,3.500866773264305e-07,73.18807700943805,4.2930325253157635,0.1556377179712261,0.0,0.1556377179712261,higher
heat,0.25,109,frozen_per_head_validation,original,frozen_per_head_validation_vs_original,2.109270450731393e-07,4.092499889321588e-09,2.0683454518381772e-07,51.53990245021231,3.9423563125218517,0.1484351348148959,0.0,0.1484351348148959,higher
heat,0.25,110,frozen_per_head_validation,original,frozen_per_head_validation_vs_original,3.9314165034554094e-08,1.7511162667474543e-09,3.756304876780664e-08,22.450916470313377,3.1113314360861466,0.037847352715885,0.0,0.037847352715885,higher
heat,0.25,111,frozen_per_head_validation,original,frozen_per_head_validation_vs_original,3.112913286168473e-07,4.407348619742124e-09,3.0688397999710515e-07,70.63006707081435,4.257455933028399,0.1790409700259163,0.0,0.1790409700259163,higher
heat,0.25,112,frozen_per_head_validation,original,frozen_per_head_validation_vs_original,2.0038398919515482e-07,3.4956255234169782e-09,1.9688836367173784e-07,57.324215037564784,4.04872313545466,0.144939113940327,0.0,0.144939113940327,higher
heat,0.25,113,frozen_per_head_validation,original,frozen_per_head_validation_vs_original,1.3711958756282286e-07,3.831702675635706e-09,1.3328788488718715e-07,35.78554996835024,3.5775441797562766,0.0715464494110417,0.0,0.0715464494110417,higher
heat,0.25,114,frozen_per_head_validation,original,frozen_per_head_validation_vs_original,2.7853406036129624e-07,3.6958041592372037e-09,2.7483825620205904e-07,75.3649404460826,4.322342186055621,0.1926466824660408,0.0,0.1926466824660408,higher
heat,0.25,115,frozen_per_head_validation,original,frozen_per_head_validation_vs_original,2.296875062091086e-07,3.156877335930286e-09,2.2653062887317832e-07,72.7578178584576,4.287136362249903,0.2171094521341645,0.0,0.2171094521341645,higher
heat,0.25,116,frozen_per_head_validation,original,frozen_per_head_validation_vs_original,3.3036584095452737e-07,3.294764888868429e-09,3.2707107606565894e-07,100.26992884095894,4.607865837861292,0.2605779760211067,0.0,0.2605779760211067,higher
heat,0.25,117,frozen_per_head_validation,original,frozen_per_head_validation_vs_original,2.3433530664182525e-07,3.623523951376551e-09,2.307117826904487e-07,64.67055545549877,4.169306004496902,0.2529721905377057,0.0,0.2529721905377057,higher
heat,0.25,118,frozen_per_head_validation,original,frozen_per_head_validation_vs_original,1.9329077649912765e-07,3.6547528814087622e-09,1.896360236177189e-07,52.88750916166505,3.9681671892754795,0.1118004831509483,0.0,0.1118004831509483,higher
heat,0.25,119,frozen_per_head_validation,original,frozen_per_head_validation_vs_original,1.8285926068478678e-07,2.3191462561120142e-09,1.8054011442867476e-07,78.8476622390109,4.3675176647642155,0.1845526753536157,0.0,0.1845526753536157,higher
heat,0.4,100,analytical_stencil,frozen_per_head_validation,analytical_stencil_vs_frozen_per_head_validation,4.133461448674325e-05,3.705785079667623e-07,4.0964035978776486e-05,111.54077637565157,4.714390231450467,19.79127834637137,0.1752241297599981,19.616054216611374,higher
heat,0.4,101,analytical_stencil,frozen_per_head_validation,analytical_stencil_vs_frozen_per_head_validation,2.630278386561713e-05,3.370978885891551e-07,2.5965685977027975e-05,78.02713916631552,4.357056704202878,8.949688145889644,0.112832547487991,8.836855598401652,higher
heat,0.4,102,analytical_stencil,frozen_per_head_validation,analytical_stencil_vs_frozen_per_head_validation,0.0001323121283718,6.19521475495044e-07,0.00013169260689630495,213.57149607456742,5.363971652837632,47.65827025293435,0.2206359032500441,47.43763434968431,higher
heat,0.4,103,analytical_stencil,frozen_per_head_validation,analytical_stencil_vs_frozen_per_head_validation,0.0001335898118668,8.572164952314054e-07,0.0001327325953715686,155.84139200533872,5.048838772126783,53.83391464270058,0.3435312314973069,53.49038341120327,higher
heat,0.4,104,analytical_stencil,frozen_per_head_validation,analytical_stencil_vs_frozen_per_head_validation,3.258652030524445e-05,2.3679001868309735e-07,3.234973028656135e-05,137.61779523678274,4.924480242986088,15.397667487787544,0.108963882858246,15.288703604929298,higher
heat,0.4,105,analytical_stencil,frozen_per_head_validation,analytical_stencil_vs_frozen_per_head_validation,0.0001162268852965,6.192968309490232e-07,0.00011560758846555098,187.67556927167143,5.234714776738981,51.90649708572653,0.2740990381824397,51.632398047544086,higher
heat,0.4,106,analytical_stencil,frozen_per_head_validation,analytical_stencil_vs_frozen_per_head_validation,8.668703753755835e-05,6.496282758915173e-07,8.603740926166684e-05,133.4409857985221,4.893659326162001,44.1038072571537,0.3284146901223518,43.775392567031346,higher
heat,0.4,107,analytical_stencil,frozen_per_head_validation,analytical_stencil_vs_frozen_per_head_validation,1.826083083145136e-05,1.1697930927395685e-07,1.8143851522177404e-05,156.10308305621683,5.0505165778466345,12.352273002062926,0.0758573461161521,12.276415655946774,higher
heat,0.4,108,analytical_stencil,frozen_per_head_validation,analytical_stencil_vs_frozen_per_head_validation,9.30437625470404e-05,8.356516650407514e-07,9.220811088199965e-05,111.3427597161588,4.71261336883366,22.860550459366166,0.2038810915585866,22.65666936780758,higher
heat,0.4,109,analytical_stencil,frozen_per_head_validation,analytical_stencil_vs_frozen_per_head_validation,0.0001053720378791,3.978334864006283e-07,0.00010497420439269937,264.8646770095861,5.579219042764666,51.83864781821843,0.1934166145935359,51.645231203624895,higher
heat,0.4,110,analytical_stencil,frozen_per_head_validation,analytical_stencil_vs_frozen_per_head_validation,1.1884333005696137e-05,5.173257381883845e-07,1.1367007267507752e-05,22.972630450040455,3.1343035269072166,8.881099719732987,0.3843528079000323,8.496746911832954,higher
heat,0.4,111,analytical_stencil,frozen_per_head_validation,analytical_stencil_vs_frozen_per_head_validation,9.400053542663044e-05,5.813709859853536e-07,9.341916444064508e-05,161.68769631203884,5.08566667409032,34.08174188168171,0.2089873681189,33.87275451356281,higher
heat,0.4,112,analytical_stencil,frozen_per_head_validation,analytical_stencil_vs_frozen_per_head_validation,1.1835745439725542e-05,1.4094661935151742e-07,1.1694798820374025e-05,83.9732481288358,4.430498273462773,5.244523685191883,0.0606782783740791,5.183845406817804,higher
heat,0.4,113,analytical_stencil,frozen_per_head_validation,analytical_stencil_vs_frozen_per_head_validation,6.732083693350432e-05,3.089363303388632e-07,6.701190060316546e-05,217.91168704458318,5.384089875411692,20.58927531494536,0.0930951250873688,20.49618018985799,higher
heat,0.4,114,analytical_stencil,frozen_per_head_validation,analytical_stencil_vs_frozen_per_head_validation,9.320561085246482e-05,4.639456593485969e-07,9.274166519311622e-05,200.897689146031,5.302795769246178,42.47373529886294,0.2088727074320612,42.26486259143088,higher
heat,0.4,115,analytical_stencil,frozen_per_head_validation,analytical_stencil_vs_frozen_per_head_validation,2.9595990227448965e-05,1.840477002329477e-07,2.9411942527216017e-05,160.8060855418979,5.0801992014385595,19.008206215109023,0.1160720294339598,18.892134185675065,higher
heat,0.4,116,analytical_stencil,frozen_per_head_validation,analytical_stencil_vs_frozen_per_head_validation,8.918425731962998e-05,5.47489022985348e-07,8.863676829664463e-05,162.89688665048678,5.0931174033964295,45.74053657529556,0.2785275423357139,45.46200903295984,higher
heat,0.4,117,analytical_stencil,frozen_per_head_validation,analytical_stencil_vs_frozen_per_head_validation,2.114843398004496e-05,1.68612121051806e-07,2.0979821858993153e-05,125.42653427357759,4.831720202893287,16.092095429389055,0.1245047541957955,15.967590675193259,higher
heat,0.4,118,analytical_stencil,frozen_per_head_validation,analytical_stencil_vs_frozen_per_head_validation,3.6317446109990215e-05,4.4609461701504427e-07,3.587135149297517e-05,81.41198016017627,4.39952243859405,12.761725076329792,0.1553478181604385,12.606377258169355,higher
heat,0.4,119,analytical_stencil,frozen_per_head_validation,analytical_stencil_vs_frozen_per_head_validation,7.829592840380428e-05,3.069358058133132e-07,7.798899259799097e-05,255.08893690762824,5.541612256538323,59.23412347558122,0.2298824480737796,59.00424102750744,higher
heat,0.4,100,frozen_layer_mean_validation,frozen_per_head_validation,frozen_layer_mean_validation_vs_frozen_per_head_validation,1.2481315947443503e-06,3.705785079667623e-07,8.77553086777588e-07,3.3680625506115347,1.2143376682419258,0.595449542536769,0.1752241297599981,0.42022541277677083,higher
heat,0.4,101,frozen_layer_mean_validation,frozen_per_head_validation,frozen_layer_mean_validation_vs_frozen_per_head_validation,5.376573313786714e-07,3.370978885891551e-07,2.0055944278951632e-07,1.5949590596040553,0.4668480679475402,0.1810885849520054,0.112832547487991,0.06825603746401439,higher
heat,0.4,102,frozen_layer_mean_validation,frozen_per_head_validation,frozen_layer_mean_validation_vs_frozen_per_head_validation,7.527463149747948e-07,6.19521475495044e-07,1.3322483947975083e-07,1.2150447478407334,0.19478090561286843,0.2686254705498269,0.2206359032500441,0.04798956729978279,higher
heat,0.4,103,frozen_layer_mean_validation,frozen_per_head_validation,frozen_layer_mean_validation_vs_frozen_per_head_validation,9.086248810297182e-07,8.572164952314054e-07,5.140838579831275e-08,1.0599712978976625,0.05824183030233953,0.3642484807848996,0.3435312314973069,0.020717249287592665,higher
heat,0.4,104,frozen_layer_mean_validation,frozen_per_head_validation,frozen_layer_mean_validation_vs_frozen_per_head_validation,8.570253727802069e-07,2.3679001868309735e-07,6.202353540971095e-07,3.619347544911459,1.2862937733808775,0.4020913497672457,0.108963882858246,0.2931274669089997,higher
heat,0.4,105,frozen_layer_mean_validation,frozen_per_head_validation,frozen_layer_mean_validation_vs_frozen_per_head_validation,5.802675000776691e-07,6.192968309490232e-07,-3.902933087135407e-08,0.9369779903256654,-0.06509548653329533,0.2566678472560881,0.2740990381824397,-0.017431190926351592,lower
heat,0.4,106,frozen_layer_mean_validation,frozen_per_head_validation,frozen_layer_mean_validation_vs_frozen_per_head_validation,6.765403776573531e-07,6.496282758915173e-07,2.6912101765835805e-08,1.041426924850066,0.04059181588724944,0.3421074294750725,0.3284146901223518,0.013692739352720695,higher
heat,0.4,107,frozen_layer_mean_validation,frozen_per_head_validation,frozen_layer_mean_validation_vs_frozen_per_head_validation,8.097893706426884e-07,1.1697930927395685e-07,6.928100613687316e-07,6.922500873605109,1.934777102260893,0.5446235435020007,0.0758573461161521,0.4687661973858486,higher
heat,0.4,108,frozen_layer_mean_validation,frozen_per_head_validation,frozen_layer_mean_validation_vs_frozen_per_head_validation,1.124601715890572e-06,8.356516650407514e-07,2.889500508498205e-07,1.3457781070007555,0.29697236399282645,0.2748796805470698,0.2038810915585866,0.07099858898848319,higher
heat,0.4,109,frozen_layer_mean_validation,frozen_per_head_validation,frozen_layer_mean_validation_vs_frozen_per_head_validation,3.7273395725456737e-07,3.978334864006283e-07,-2.509952914606095e-08,0.9369094608572364,-0.06516862803217921,0.181068142953779,0.1934166145935359,-0.012348471639756914,lower
heat,0.4,110,frozen_layer_mean_validation,frozen_per_head_validation,frozen_layer_mean_validation_vs_frozen_per_head_validation,4.791567836948118e-07,5.173257381883845e-07,-3.8168954493572604e-08,0.9262187212504912,-0.07664487217227262,0.3558218200517011,0.3843528079000323,-0.02853098784833119,lower
heat,0.4,111,frozen_layer_mean_validation,frozen_per_head_validation,frozen_layer_mean_validation_vs_frozen_per_head_validation,7.594670521360314e-07,5.813709859853536e-07,1.780960661506778e-07,1.3063380706019005,0.26722785692854595,0.2735630294906738,0.2089873681189,0.06457566137177378,higher
heat,0.4,112,frozen_layer_mean_validation,frozen_per_head_validation,frozen_layer_mean_validation_vs_frozen_per_head_validation,5.104195239802323e-07,1.4094661935151742e-07,3.6947290462871485e-07,3.62136762363387,1.2868517510744615,0.2244511186786497,0.0606782783740791,0.1637728403045706,higher
heat,0.4,113,frozen_layer_mean_validation,frozen_per_head_validation,frozen_layer_mean_validation_vs_frozen_per_head_validation,8.445929378098072e-07,3.089363303388632e-07,5.35656607470944e-07,2.7338737949123626,1.0057195759021145,0.2569304177412513,0.0930951250873688,0.16383529265388252,higher
heat,0.4,114,frozen_layer_mean_validation,frozen_per_head_validation,frozen_layer_mean_validation_vs_frozen_per_head_validation,5.668250112333961e-07,4.639456593485969e-07,1.0287935188479924e-07,1.221748710892666,0.20028320203572347,0.2557575855701912,0.2088727074320612,0.04688487813812997,higher
heat,0.4,115,frozen_layer_mean_validation,frozen_per_head_validation,frozen_layer_mean_validation_vs_frozen_per_head_validation,5.783932321978824e-07,1.840477002329477e-07,3.943455319649347e-07,3.1426267835230473,1.1450590054649508,0.369371473988129,0.1160720294339598,0.2532994445541692,higher
heat,0.4,116,frozen_layer_mean_validation,frozen_per_head_validation,frozen_layer_mean_validation_vs_frozen_per_head_validation,6.915140231406047e-07,5.47489022985348e-07,1.4402500015525677e-07,1.2630646352869639,0.23354101805808694,0.3523983070743037,0.2785275423357139,0.07387076473858978,higher
heat,0.4,117,frozen_layer_mean_validation,frozen_per_head_validation,frozen_layer_mean_validation_vs_frozen_per_head_validation,4.3653008496846724e-07,1.68612121051806e-07,2.6791796391666123e-07,2.58896028497467,0.9512563607423841,0.3284151787506469,0.1245047541957955,0.20391042455485142,higher
heat,0.4,118,frozen_layer_mean_validation,frozen_per_head_validation,frozen_layer_mean_validation_vs_frozen_per_head_validation,7.677090331226211e-07,4.4609461701504427e-07,3.216144161075768e-07,1.7209556086096653,0.542879722945347,0.2683737425366628,0.1553478181604385,0.1130259243762243,higher
heat,0.4,119,frozen_layer_mean_validation,frozen_per_head_validation,frozen_layer_mean_validation_vs_frozen_per_head_validation,4.990228134604813e-07,3.069358058133132e-07,1.9208700764716808e-07,1.6258214389102608,0.48601318892703066,0.3752099836644642,0.2298824480737796,0.14532753559068456,higher
heat,0.4,100,frozen_per_head_validation,original,frozen_per_head_validation_vs_original,3.705785079667623e-07,4.659476719390265e-09,3.65919031247372e-07,79.53221580110305,4.376162169779256,0.1752241297599981,0.0,0.1752241297599981,higher
heat,0.4,101,frozen_per_head_validation,original,frozen_per_head_validation_vs_original,3.370978885891551e-07,5.557504859088347e-09,3.315403837300668e-07,60.65633717582618,4.105224117579192,0.112832547487991,0.0,0.112832547487991,higher
heat,0.4,102,frozen_per_head_validation,original,frozen_per_head_validation_vs_original,6.19521475495044e-07,7.0095390915236874e-09,6.125119364035203e-07,88.38262650453049,4.481675417574325,0.2206359032500441,0.0,0.2206359032500441,higher
heat,0.4,103,frozen_per_head_validation,original,frozen_per_head_validation_vs_original,8.572164952314054e-07,4.76809161251146e-09,8.52448403618894e-07,179.78188442983594,5.191744362956133,0.3435312314973069,0.0,0.3435312314973069,higher
heat,0.4,104,frozen_per_head_validation,original,frozen_per_head_validation_vs_original,2.3679001868309735e-07,6.230756594699516e-09,2.3055926208839783e-07,38.00341340320273,3.637675982092308,0.108963882858246,0.0,0.108963882858246,higher
heat,0.4,105,frozen_per_head_validation,original,frozen_per_head_validation_vs_original,6.192968309490232e-07,5.57502054937542e-09,6.137218103996478e-07,111.08422389912162,4.71028868745494,0.2740990381824397,0.0,0.2740990381824397,higher
heat,0.4,106,frozen_per_head_validation,original,frozen_per_head_validation_vs_original,6.496282758915173e-07,4.152645756774764e-09,6.454756301347425e-07,156.4372002672494,5.052654653199742,0.3284146901223518,0.0,0.3284146901223518,higher
heat,0.4,107,frozen_per_head_validation,original,frozen_per_head_validation_vs_original,1.1697930927395685e-07,4.866420351759548e-09,1.121128889221973e-07,24.03806100138076,3.1796384492335408,0.0758573461161521,0.0,0.0758573461161521,higher
heat,0.4,108,frozen_per_head_validation,original,frozen_per_head_validation_vs_original,8.356516650407514e-07,5.8964176128523116e-09,8.297552474278991e-07,141.72192675418665,4.953866875404335,0.2038810915585866,0.0,0.2038810915585866,higher
heat,0.4,109,frozen_per_head_validation,original,frozen_per_head_validation_vs_original,3.978334864006283e-07,4.694473173041945e-09,3.931390132275864e-07,84.74507612168087,4.439647645713532,0.1934166145935359,0.0,0.1934166145935359,higher
heat,0.4,110,frozen_per_head_validation,original,frozen_per_head_validation_vs_original,5.173257381883845e-07,3.135871640483345e-09,5.141898665479011e-07,164.97031686815055,5.105765559948251,0.3843528079000323,0.0,0.3843528079000323,higher
heat,0.4,111,frozen_per_head_validation,original,frozen_per_head_validation_vs_original,5.813709859853536e-07,4.9955010657590235e-09,5.763754849195946e-07,116.37891341276678,4.756851362638854,0.2089873681189,0.0,0.2089873681189,higher
heat,0.4,112,frozen_per_head_validation,original,frozen_per_head_validation_vs_original,1.4094661935151742e-07,4.055913193842797e-09,1.3689070615767462e-07,34.75089643572395,3.5482053683895525,0.0606782783740791,0.0,0.0606782783740791,higher
heat,0.4,113,frozen_per_head_validation,original,frozen_per_head_validation_vs_original,3.089363303388632e-07,4.563456407896682e-09,3.043728739309665e-07,67.69788132615325,4.215054884393865,0.0930951250873688,0.0,0.0930951250873688,higher
heat,0.4,114,frozen_per_head_validation,original,frozen_per_head_validation_vs_original,4.639456593485969e-07,5.616884264127153e-09,4.5832877508446973e-07,82.59840109429291,4.413990323127629,0.2088727074320612,0.0,0.2088727074320612,higher
heat,0.4,115,frozen_per_head_validation,original,frozen_per_head_validation_vs_original,1.840477002329477e-07,3.342660496487293e-09,1.807050397364604e-07,55.06024330809491,4.008427918667555,0.1160720294339598,0.0,0.1160720294339598,higher
heat,0.4,116,frozen_per_head_validation,original,frozen_per_head_validation_vs_original,5.47489022985348e-07,4.447002639393349e-09,5.430420203459546e-07,123.1141664130056,4.813112107097224,0.2785275423357139,0.0,0.2785275423357139,higher
heat,0.4,117,frozen_per_head_validation,original,frozen_per_head_validation_vs_original,1.68612121051806e-07,5.025289653154408e-09,1.635868313986516e-07,33.55271689582452,3.513117840640423,0.1245047541957955,0.0,0.1245047541957955,higher
heat,0.4,118,frozen_per_head_validation,original,frozen_per_head_validation_vs_original,4.4609461701504427e-07,4.053571060411154e-09,4.420410459546331e-07,110.04978335566587,4.700932839371404,0.1553478181604385,0.0,0.1553478181604385,higher
heat,0.4,119,frozen_per_head_validation,original,frozen_per_head_validation_vs_original,3.069358058133132e-07,3.088146237860412e-09,3.038476595754528e-07,99.39160330242984,4.599067636275801,0.2298824480737796,0.0,0.2298824480737796,higher
lf,0.1,300,analytical_stencil,frozen_per_head_validation,analytical_stencil_vs_frozen_per_head_validation,0.0001210760966614,1.2812409708271716e-06,0.00011979485569057283,94.4990828565473,4.548590129230879,30.478675565747267,0.3210275517438665,30.1576480140034,higher
lf,0.1,301,analytical_stencil,frozen_per_head_validation,analytical_stencil_vs_frozen_per_head_validation,4.481273629153293e-05,3.4657388413641965e-07,4.446616240739651e-05,129.30211519888664,4.862151644490772,8.326393965062206,0.0629470051178016,8.263446959944403,higher
lf,0.1,302,analytical_stencil,frozen_per_head_validation,analytical_stencil_vs_frozen_per_head_validation,5.778146007884288e-06,2.9510945537963854e-08,5.7486350623463245e-06,195.7967087313787,5.277076920615901,1.916833742939676,0.0087406031186723,1.9080931398210037,higher
lf,0.1,303,analytical_stencil,frozen_per_head_validation,analytical_stencil_vs_frozen_per_head_validation,4.835149187698562e-06,5.5993864764465606e-08,4.779155322934096e-06,86.35141024891368,4.4584251362359755,0.8759749374478268,0.0096224548778275,0.8663524825699993,higher
lf,0.1,304,analytical_stencil,frozen_per_head_validation,analytical_stencil_vs_frozen_per_head_validation,5.869693794124942e-06,1.978041659495e-07,5.671889628175442e-06,29.674267809018197,3.390280266527244,1.4159667003905851,0.0466857477553925,1.3692809526351926,higher
lf,0.1,305,analytical_stencil,frozen_per_head_validation,analytical_stencil_vs_frozen_per_head_validation,2.0659096563235835e-05,4.864219276569381e-07,2.0172674635578897e-05,42.471556869874924,3.748834601761951,6.419445125525014,0.1492564042771026,6.270188721247911,higher
lf,0.1,306,analytical_stencil,frozen_per_head_validation,analytical_stencil_vs_frozen_per_head_validation,5.570152694645003e-06,2.328667665918438e-07,5.337285928053159e-06,23.919912558446192,3.174711273492396,2.68128467882978,0.1102908395247747,2.5709938393050056,higher
lf,0.1,307,analytical_stencil,frozen_per_head_validation,analytical_stencil_vs_frozen_per_head_validation,1.830610785802378e-05,1.0486600823290949e-07,1.820124184979087e-05,174.5666509720247,5.162306622711035,3.110261180011302,0.0167643859910863,3.0934967940202154,higher
lf,0.1,308,analytical_stencil,frozen_per_head_validation,analytical_stencil_vs_frozen_per_head_validation,1.1254822886996864e-05,2.311913190368442e-07,1.102363156796002e-05,48.68185766613157,3.8853064281581,3.221493364257078,0.0646904331093932,3.1568029311476846,higher
lf,0.1,309,analytical_stencil,frozen_per_head_validation,analytical_stencil_vs_frozen_per_head_validation,2.018254198787872e-05,3.321456186599487e-07,1.9850396369218773e-05,60.76413733622555,4.1069997685006125,5.840237700451814,0.0946290598979261,5.745608640553888,higher
lf,0.1,310,analytical_stencil,frozen_per_head_validation,analytical_stencil_vs_frozen_per_head_validation,6.49552779563578e-06,1.404244337338545e-07,6.355103361901926e-06,46.25639301452845,3.834199681747071,1.4763996578693157,0.030748416259497,1.4456512416098186,higher
lf,0.1,311,analytical_stencil,frozen_per_head_validation,analytical_stencil_vs_frozen_per_head_validation,9.95870275311006e-06,2.322628247664743e-07,9.726439928343586e-06,42.876869180950116,3.758332500592969,2.633271985753704,0.0601388405624652,2.573133145191239,higher
lf,0.1,312,analytical_stencil,frozen_per_head_validation,analytical_stencil_vs_frozen_per_head_validation,0.0001206161241498,4.569181342745782e-07,0.00012015920601552543,263.9775379922162,5.575864016163704,22.97828499366228,0.0857478002266046,22.892537193435675,higher
lf,0.1,313,analytical_stencil,frozen_per_head_validation,analytical_stencil_vs_frozen_per_head_validation,7.350761855207111e-06,8.510804306617603e-08,7.265653812140935e-06,86.36976706762606,4.458637696375579,2.3802941138826106,0.0263357075367418,2.353958406345869,higher
lf,0.1,314,analytical_stencil,frozen_per_head_validation,analytical_stencil_vs_frozen_per_head_validation,9.324015900347148e-05,9.766832118930646e-07,9.226347579157841e-05,95.46612234968997,4.558771444757817,13.41573069211621,0.1394183322282532,13.276312359887957,higher
lf,0.1,315,analytical_stencil,frozen_per_head_validation,analytical_stencil_vs_frozen_per_head_validation,7.67578755045406e-06,1.731955202761981e-07,7.502592030177863e-06,44.3186263606203,3.7914050482904003,2.6864981628913047,0.0586356410885175,2.627862521802787,higher
lf,0.1,316,analytical_stencil,frozen_per_head_validation,analytical_stencil_vs_frozen_per_head_validation,8.278285918095207e-06,1.3869021410831128e-07,8.139595703986896e-06,59.689041302007155,4.089148440768398,1.7262677313079255,0.0279192613225758,1.6983484699853497,higher
lf,0.1,317,analytical_stencil,frozen_per_head_validation,analytical_stencil_vs_frozen_per_head_validation,3.652614747551297e-06,4.601056812804372e-08,3.6066041794232534e-06,79.38643003464689,4.374327447282284,0.9799626958297872,0.0112358178786704,0.9687268779511168,higher
lf,0.1,318,analytical_stencil,frozen_per_head_validation,analytical_stencil_vs_frozen_per_head_validation,5.6602231325086905e-05,5.227395644905736e-07,5.607949176059633e-05,108.27998332257017,4.684720310724757,10.21379876968591,0.0930726386811792,10.120726131004732,higher
lf,0.1,319,analytical_stencil,frozen_per_head_validation,analytical_stencil_vs_frozen_per_head_validation,6.337263570799223e-06,1.2580407249968006e-07,6.211459498299543e-06,50.374073310030084,3.919476624266973,1.414330084917944,0.0269740531603268,1.3873560317576172,higher
lf,0.1,300,frozen_layer_mean_validation,frozen_per_head_validation,frozen_layer_mean_validation_vs_frozen_per_head_validation,1.4700183197935424e-06,1.2812409708271716e-06,1.8877734896637077e-07,1.147339457030082,0.13744574643710672,0.3685511353762639,0.3210275517438665,0.04752358363239739,higher
lf,0.1,301,frozen_layer_mean_validation,frozen_per_head_validation,frozen_layer_mean_validation_vs_frozen_per_head_validation,2.390092053855541e-06,3.4657388413641965e-07,2.0435181697191214e-06,6.89634205938825,1.9309911347107274,0.442707773597065,0.0629470051178016,0.3797607684792634,higher
lf,0.1,302,frozen_layer_mean_validation,frozen_per_head_validation,frozen_layer_mean_validation_vs_frozen_per_head_validation,1.293574492411409e-06,2.9510945537963854e-08,1.2640635468734451e-06,43.83371894158091,3.7804033600573477,0.4283099366958469,0.0087406031186723,0.4195693335771746,higher
lf,0.1,303,frozen_layer_mean_validation,frozen_per_head_validation,frozen_layer_mean_validation_vs_frozen_per_head_validation,2.6265834129901577e-06,5.5993864764465606e-08,2.570589548225692e-06,46.90841441359161,3.84819707116352,0.4756120464039224,0.0096224548778275,0.4659895915260949,higher
lf,0.1,304,frozen_layer_mean_validation,frozen_per_head_validation,frozen_layer_mean_validation_vs_frozen_per_head_validation,2.4273451650902444e-06,1.978041659495e-07,2.2295409991407444e-06,12.271456232675872,2.5072759340502966,0.58493106340423,0.0466857477553925,0.5382453156488375,higher
lf,0.1,305,frozen_layer_mean_validation,frozen_per_head_validation,frozen_layer_mean_validation_vs_frozen_per_head_validation,2.7523047991806493e-06,4.864219276569381e-07,2.265882871523711e-06,5.65826629658395,1.7331175372691696,0.8535513716702101,0.1492564042771026,0.7042949673931075,higher
lf,0.1,306,frozen_layer_mean_validation,frozen_per_head_validation,frozen_layer_mean_validation_vs_frozen_per_head_validation,1.3559989793243687e-06,2.328667665918438e-07,1.123132212732525e-06,5.823067839049314,1.761827242975908,0.6513085100383714,0.1102908395247747,0.5410176705135967,higher
lf,0.1,307,frozen_layer_mean_validation,frozen_per_head_validation,frozen_layer_mean_validation_vs_frozen_per_head_validation,2.3484360280878747e-06,1.0486600823290949e-07,2.243570019854965e-06,22.394635474938184,3.108821442453255,0.3980832388945739,0.0167643859910863,0.3813188529034876,higher
lf,0.1,308,frozen_layer_mean_validation,frozen_per_head_validation,frozen_layer_mean_validation_vs_frozen_per_head_validation,2.689778118569741e-06,2.311913190368442e-07,2.458586799532897e-06,11.634425244751858,2.453968396716032,0.7687482535652632,0.0646904331093932,0.7040578204558701,higher
lf,0.1,309,frozen_layer_mean_validation,frozen_per_head_validation,frozen_layer_mean_validation_vs_frozen_per_head_validation,2.121959441936383e-06,3.321456186599487e-07,1.7898138232764343e-06,6.388641977267354,1.8545217226838553,0.6126826834490506,0.0946290598979261,0.5180536235511245,higher
lf,0.1,310,frozen_layer_mean_validation,frozen_per_head_validation,frozen_layer_mean_validation_vs_frozen_per_head_validation,1.3614410401263657e-06,1.404244337338545e-07,1.2210166063925112e-06,9.695186257305448,2.271629500197071,0.3085038000097418,0.030748416259497,0.27775538375024483,higher
lf,0.1,311,frozen_layer_mean_validation,frozen_per_head_validation,frozen_layer_mean_validation_vs_frozen_per_head_validation,3.691248549930748e-06,2.322628247664743e-07,3.4589857251642736e-06,15.892549974977987,2.765850444387144,0.975214745388342,0.0601388405624652,0.9150759048258768,higher
lf,0.1,312,frozen_layer_mean_validation,frozen_per_head_validation,frozen_layer_mean_validation_vs_frozen_per_head_validation,1.8318191703503568e-06,4.569181342745782e-07,1.3749010360757786e-06,4.0090752214477705,1.388560596629211,0.3476917173792042,0.0857478002266046,0.26194391715259957,higher
lf,0.1,313,frozen_layer_mean_validation,frozen_per_head_validation,frozen_layer_mean_validation_vs_frozen_per_head_validation,7.333532451303526e-07,8.510804306617603e-08,6.482452020641766e-07,8.616732552058933,2.15370595853086,0.2363570328333709,0.0263357075367418,0.2100213252966291,higher
lf,0.1,314,frozen_layer_mean_validation,frozen_per_head_validation,frozen_layer_mean_validation_vs_frozen_per_head_validation,1.9222725469170143e-06,9.766832118930646e-07,9.455893350239497e-07,1.9681638053255293,0.6771010295796488,0.2754845195060426,0.1394183322282532,0.13606618727778938,higher
lf,0.1,315,frozen_layer_mean_validation,frozen_per_head_validation,frozen_layer_mean_validation_vs_frozen_per_head_validation,2.244867895684344e-06,1.731955202761981e-07,2.071672375408146e-06,12.961466278714436,2.5619808233141126,0.7842608877887781,0.0586356410885175,0.7256252467002606,higher
lf,0.1,316,frozen_layer_mean_validation,frozen_per_head_validation,frozen_layer_mean_validation_vs_frozen_per_head_validation,2.644593396161632e-06,1.3869021410831128e-07,2.5059031820533206e-06,19.068348932652988,2.9480298365590887,0.5507826798443428,0.0279192613225758,0.522863418521767,higher
lf,0.1,317,frozen_layer_mean_validation,frozen_per_head_validation,frozen_layer_mean_validation_vs_frozen_per_head_validation,1.98714958443702e-06,4.601056812804372e-08,1.9411390163089765e-06,43.18898169018348,3.765585409250422,0.5326219876353984,0.0112358178786704,0.5213861697567279,higher
lf,0.1,318,frozen_layer_mean_validation,frozen_per_head_validation,frozen_layer_mean_validation_vs_frozen_per_head_validation,1.5094085483724484e-06,5.227395644905736e-07,9.866689838818749e-07,2.887496280950946,1.0603897878647262,0.2711378502999764,0.0930726386811792,0.17806521161879718,higher
lf,0.1,319,frozen_layer_mean_validation,frozen_per_head_validation,frozen_layer_mean_validation_vs_frozen_per_head_validation,1.5914868285449302e-06,1.2580407249968006e-07,1.4656827560452501e-06,12.650519151905655,2.5376982540077613,0.3543405622390995,0.0269740531603268,0.3273665090787727,higher
lf,0.1,300,frozen_per_head_validation,original,frozen_per_head_validation_vs_original,1.2812409708271716e-06,6.027160518937147e-09,1.2752138103082344e-06,212.57787424137007,5.359308388250047,0.3210275517438665,0.0,0.3210275517438665,higher
lf,0.1,301,frozen_per_head_validation,original,frozen_per_head_validation_vs_original,3.4657388413641965e-07,7.851827082613894e-09,3.3872205705380576e-07,44.139265993749355,3.7873497716406965,0.0629470051178016,0.0,0.0629470051178016,higher
lf,0.1,302,frozen_per_head_validation,original,frozen_per_head_validation_vs_original,2.9510945537963854e-08,3.177567724568786e-09,2.6333377813395068e-08,9.287275078289214,2.2286451920697865,0.0087406031186723,0.0,0.0087406031186723,higher
lf,0.1,303,frozen_per_head_validation,original,frozen_per_head_validation_vs_original,5.5993864764465606e-08,2.9124604004546195e-09,5.308140436401099e-08,19.225622691977293,2.956243904566902,0.0096224548778275,0.0,0.0096224548778275,higher
lf,0.1,304,frozen_per_head_validation,original,frozen_per_head_validation_vs_original,1.978041659495e-07,4.420618206560367e-09,1.9338354774293964e-07,44.74581533776227,3.8009979283430315,0.0466857477553925,0.0,0.0466857477553925,higher
lf,0.1,305,frozen_per_head_validation,original,frozen_per_head_validation_vs_original,4.864219276569381e-07,6.228904031457816e-09,4.801930236254803e-07,78.0910935857035,4.3578760117474,0.1492564042771026,0.0,0.1492564042771026,higher
lf,0.1,306,frozen_per_head_validation,original,frozen_per_head_validation_vs_original,2.328667665918438e-07,3.9071569694904e-09,2.289596096223534e-07,59.60005405726405,4.087656481071967,0.1102908395247747,0.0,0.1102908395247747,higher
lf,0.1,307,frozen_per_head_validation,original,frozen_per_head_validation_vs_original,1.0486600823290949e-07,6.229201989296773e-09,9.863680624361272e-08,16.83458144608151,2.8234351901763497,0.0167643859910863,0.0,0.0167643859910863,higher
lf,0.1,308,frozen_per_head_validation,original,frozen_per_head_validation_vs_original,2.311913190368442e-07,5.290774681213084e-09,2.2590054435563112e-07,43.697063845447296,3.7772809109529035,0.0646904331093932,0.0,0.0646904331093932,higher
lf,0.1,309,frozen_per_head_validation,original,frozen_per_head_validation_vs_original,3.321456186599487e-07,5.213440620183141e-09,3.2693217803976554e-07,63.709485320325925,4.154333457620266,0.0946290598979261,0.0,0.0946290598979261,higher
lf,0.1,310,frozen_per_head_validation,original,frozen_per_head_validation_vs_original,1.404244337338545e-07,5.253959749901281e-09,1.351704739839532e-07,26.727352400538088,3.2856874755083814,0.030748416259497,0.0,0.030748416259497,higher
lf,0.1,311,frozen_per_head_validation,original,frozen_per_head_validation_vs_original,2.322628247664743e-07,4.938085980919771e-09,2.2732473878555454e-07,47.034990007041735,3.8508917929659723,0.0601388405624652,0.0,0.0601388405624652,higher
lf,0.1,312,frozen_per_head_validation,original,frozen_per_head_validation_vs_original,4.569181342745782e-07,6.841871178549924e-09,4.500762630960283e-07,66.7826274933487,4.201442979254352,0.0857478002266046,0.0,0.0857478002266046,higher
lf,0.1,313,frozen_per_head_validation,original,frozen_per_head_validation_vs_original,8.510804306617603e-08,3.821078375584874e-09,8.128696469059116e-08,22.273304732502105,3.103388864175664,0.0263357075367418,0.0,0.0263357075367418,higher
lf,0.1,314,frozen_per_head_validation,original,frozen_per_head_validation_vs_original,9.766832118930646e-07,7.798210414217133e-09,9.688850014788475e-07,125.24453175980562,4.8302680804075635,0.1394183322282532,0.0,0.1394183322282532,higher
lf,0.1,315,frozen_per_head_validation,original,frozen_per_head_validation_vs_original,1.731955202761981e-07,5.7897713585247645e-09,1.6740574891767335e-07,29.91405179086871,3.3983283295610596,0.0586356410885175,0.0,0.0586356410885175,higher
lf,0.1,316,frozen_per_head_validation,original,frozen_per_head_validation_vs_original,1.3869021410831128e-07,4.882869187108896e-09,1.338073449212024e-07,28.40342609924157,3.3465097751883053,0.0279192613225758,0.0,0.0279192613225758,higher
lf,0.1,317,frozen_per_head_validation,original,frozen_per_head_validation_vs_original,4.601056812804372e-08,4.179223666786469e-09,4.1831344461257254e-08,11.00935766939285,2.398745608378106,0.0112358178786704,0.0,0.0112358178786704,higher
lf,0.1,318,frozen_per_head_validation,original,frozen_per_head_validation_vs_original,5.227395644905736e-07,7.019031546956489e-09,5.157205329436171e-07,74.4745996642853,4.310458123147305,0.0930726386811792,0.0,0.0930726386811792,higher
lf,0.1,319,frozen_per_head_validation,original,frozen_per_head_validation_vs_original,1.2580407249968006e-07,5.0360541431482275e-09,1.2076801835653184e-07,24.98068307522905,3.218102849208637,0.0269740531603268,0.0,0.0269740531603268,higher
lf,0.25,300,analytical_stencil,frozen_per_head_validation,analytical_stencil_vs_frozen_per_head_validation,5.71675136882277e-05,7.485017345706252e-07,5.6419011953657075e-05,76.37592679864876,4.335667552261325,5.799221463877324,0.0752076551693466,5.724013808707977,higher
lf,0.25,301,analytical_stencil,frozen_per_head_validation,analytical_stencil_vs_frozen_per_head_validation,1.1614794452441402e-05,1.17259678369952e-07,1.149753477407145e-05,99.05190440482832,4.595643999661681,0.918508121446181,0.0088042054380779,0.9097039160081031,higher
lf,0.25,302,analytical_stencil,frozen_per_head_validation,analytical_stencil_vs_frozen_per_head_validation,1.4075011769421051e-05,1.046659946490891e-07,1.3970345774771962e-05,134.4754981463652,4.901382012531439,1.756269647467966,0.0121564779012813,1.7441131695666847,higher
lf,0.25,303,analytical_stencil,frozen_per_head_validation,analytical_stencil_vs_frozen_per_head_validation,1.2547149193409268e-05,1.3019082809734297e-07,1.2416958365311925e-05,96.37506248925487,4.568247480280221,0.8988063752217671,0.0089482469214655,0.8898581283003016,higher
lf,0.25,304,analytical_stencil,frozen_per_head_validation,analytical_stencil_vs_frozen_per_head_validation,9.981860475960502e-06,1.272924170271639e-07,9.854568058933338e-06,78.41677225620123,4.362037836315511,0.9380184864845688,0.011647916782664,0.9263705697019048,higher
lf,0.25,305,analytical_stencil,frozen_per_head_validation,analytical_stencil_vs_frozen_per_head_validation,9.10528899566998e-06,1.4747912467465154e-07,8.957809870995329e-06,61.73951069859436,4.1229240938497735,1.030964062323946,0.0162793268788268,1.0146847354451192,higher
lf,0.25,306,analytical_stencil,frozen_per_head_validation,analytical_stencil_vs_frozen_per_head_validation,6.683531097451123e-06,9.156607313695608e-08,6.591965024314167e-06,72.99134787023698,4.290340911798545,1.0675720914152735,0.0138737809098892,1.0536983105053843,higher
lf,0.25,307,analytical_stencil,frozen_per_head_validation,analytical_stencil_vs_frozen_per_head_validation,1.5150991263368496e-05,1.6005669188981497e-07,1.4990934571478681e-05,94.6601550018204,4.550293161935248,1.0268881698719137,0.0102953145596701,1.0165928553122436,higher
lf,0.25,308,analytical_stencil,frozen_per_head_validation,analytical_stencil_vs_frozen_per_head_validation,1.0648501103105446e-05,1.1175972019702997e-07,1.0536741382908416e-05,95.28031283840339,4.556823208400212,1.1222888856745583,0.0113903880309535,1.1108984976436047,higher
lf,0.25,309,analytical_stencil,frozen_per_head_validation,analytical_stencil_vs_frozen_per_head_validation,9.121208558227067e-06,7.274349653023372e-08,9.048465061696834e-06,125.38864631611573,4.831418084355956,1.031314065789742,0.0078130301187078,1.0235010356710341,higher
lf,0.25,310,analytical_stencil,frozen_per_head_validation,analytical_stencil_vs_frozen_per_head_validation,1.1244742566418608e-05,5.4713366214390053e-08,1.1190029200204218e-05,205.52094203739838,5.325547936468616,1.0360170746587452,0.0046210056412302,1.031396069017515,higher
lf,0.25,311,analytical_stencil,frozen_per_head_validation,analytical_stencil_vs_frozen_per_head_validation,1.7564609947839926e-05,2.0118380302663885e-07,1.7363426144813288e-05,87.30628253167173,4.469422425109266,1.7962792985560414,0.0199940077240133,1.7762852908320281,higher
lf,0.25,312,analytical_stencil,frozen_per_head_validation,analytical_stencil_vs_frozen_per_head_validation,8.744281342387694e-05,2.917565801625888e-07,8.715105684371435e-05,299.71153821157077,5.702820472785983,6.65253946348432,0.0214786004819912,6.631060863002329,higher
lf,0.25,313,analytical_stencil,frozen_per_head_validation,analytical_stencil_vs_frozen_per_head_validation,1.0954628059778315e-05,1.9188669142522485e-07,1.076274136835309e-05,57.08904551125244,4.044612250818229,1.219039122102747,0.0206874077853727,1.1983517143173743,higher
lf,0.25,314,analytical_stencil,frozen_per_head_validation,analytical_stencil_vs_frozen_per_head_validation,0.0004038414124352,4.4001394560126e-06,0.0003994412729791874,91.7792302885692,4.519386022448291,24.873365747547968,0.2705156123536035,24.602850135194366,higher
lf,0.25,315,analytical_stencil,frozen_per_head_validation,analytical_stencil_vs_frozen_per_head_validation,7.90468334344041e-06,8.103721246474628e-08,7.823646130975664e-06,97.5438703161118,4.580302228765895,1.011352214102946,0.0098173946962437,1.0015348194067024,higher
lf,0.25,316,analytical_stencil,frozen_per_head_validation,analytical_stencil_vs_frozen_per_head_validation,1.34841944898767e-05,2.2201313654157678e-07,1.3262181353335123e-05,60.73602084961081,4.106536946269984,1.1045196216457225,0.0173090565245552,1.0872105651211672,higher
lf,0.25,317,analytical_stencil,frozen_per_head_validation,analytical_stencil_vs_frozen_per_head_validation,9.43842227130176e-06,7.45993454995264e-08,9.363822925802234e-06,126.52151581358956,4.8404123791876,0.9498150144047874,0.0068985083342871,0.9429165060705004,higher
lf,0.25,318,analytical_stencil,frozen_per_head_validation,analytical_stencil_vs_frozen_per_head_validation,1.4853700029959782e-05,2.135463811198113e-07,1.464015364883997e-05,69.55725473814532,4.242150222608156,1.070937523529362,0.0149654594248433,1.0559720641045185,higher
lf,0.25,319,analytical_stencil,frozen_per_head_validation,analytical_stencil_vs_frozen_per_head_validation,1.114315920869302e-05,1.5802581468382648e-07,1.0985133394009193e-05,70.51480310978262,4.255822660965344,0.9541591796134016,0.0131100922905847,0.9410490873228169,higher
lf,0.25,300,frozen_layer_mean_validation,frozen_per_head_validation,frozen_layer_mean_validation_vs_frozen_per_head_validation,5.512758014525332e-06,7.485017345706252e-07,4.764256279954707e-06,7.365057099951414,1.9967468027632116,0.5585672141259044,0.0752076551693466,0.4833595589565578,higher
lf,0.25,301,frozen_layer_mean_validation,frozen_per_head_validation,frozen_layer_mean_validation_vs_frozen_per_head_validation,9.209114358865731e-06,1.17259678369952e-07,9.09185468049578e-06,78.53607042832878,4.363558015154726,0.7281667443777853,0.0088042054380779,0.7193625389397074,higher
lf,0.25,302,frozen_layer_mean_validation,frozen_per_head_validation,frozen_layer_mean_validation_vs_frozen_per_head_validation,5.233562322404239e-06,1.046659946490891e-07,5.12889632775515e-06,50.0025088372844,3.9120731809150233,0.6524681620067507,0.0121564779012813,0.6403116841054695,higher
lf,0.25,303,frozen_layer_mean_validation,frozen_per_head_validation,frozen_layer_mean_validation_vs_frozen_per_head_validation,7.257668775739745e-06,1.3019082809734297e-07,7.127477947642402e-06,55.74639075429511,4.020812668411243,0.5197371212490968,0.0089482469214655,0.5107888743276313,higher
lf,0.25,304,frozen_layer_mean_validation,frozen_per_head_validation,frozen_layer_mean_validation_vs_frozen_per_head_validation,6.1902753882847605e-06,1.272924170271639e-07,6.062982971257597e-06,48.63035468140864,3.884247917858327,0.5815936470864219,0.011647916782664,0.569945730303758,higher
lf,0.25,305,frozen_layer_mean_validation,frozen_per_head_validation,frozen_layer_mean_validation_vs_frozen_per_head_validation,7.457491947526762e-06,1.4747912467465154e-07,7.3100128228521105e-06,50.56642398697761,3.9232877984720447,0.8443119078418293,0.0162793268788268,0.8280325809630025,higher
lf,0.25,306,frozen_layer_mean_validation,frozen_per_head_validation,frozen_layer_mean_validation_vs_frozen_per_head_validation,4.207494423758007e-06,9.156607313695608e-08,4.115928350621051e-06,45.95036436109721,3.8275617782827105,0.6717878828831219,0.0138737809098892,0.6579141019732326,higher
lf,0.25,307,frozen_layer_mean_validation,frozen_per_head_validation,frozen_layer_mean_validation_vs_frozen_per_head_validation,9.708712939149322e-06,1.6005669188981497e-07,9.548656247259507e-06,60.65796327861706,4.105250925676588,0.657826372247366,0.0102953145596701,0.6475310576876958,higher
lf,0.25,308,frozen_layer_mean_validation,frozen_per_head_validation,frozen_layer_mean_validation_vs_frozen_per_head_validation,7.611444388544442e-06,1.1175972019702997e-07,7.499684668347412e-06,68.10543525990965,4.221057022891432,0.8020891560943144,0.0113903880309535,0.7906987680633609,higher
lf,0.25,309,frozen_layer_mean_validation,frozen_per_head_validation,frozen_layer_mean_validation_vs_frozen_per_head_validation,6.796612424531112e-06,7.274349653023372e-08,6.7238689280008784e-06,93.43257815090449,4.537240086889567,0.768371507672761,0.0078130301187078,0.7605584775540531,higher
lf,0.25,310,frozen_layer_mean_validation,frozen_per_head_validation,frozen_layer_mean_validation_vs_frozen_per_head_validation,7.315207337654783e-06,5.4713366214390053e-08,7.260493971440393e-06,133.70055333445788,4.895602622726543,0.6738279225572578,0.0046210056412302,0.6692069169160275,higher
lf,0.25,311,frozen_layer_mean_validation,frozen_per_head_validation,frozen_layer_mean_validation_vs_frozen_per_head_validation,7.5690285719076655e-06,2.0118380302663885e-07,7.367844768881027e-06,37.62245497916871,3.6276010790315647,0.7737274114282396,0.0199940077240133,0.7537334037042264,higher
lf,0.25,312,frozen_layer_mean_validation,frozen_per_head_validation,frozen_layer_mean_validation_vs_frozen_per_head_validation,8.992869122814717e-06,2.917565801625888e-07,8.701112542652129e-06,30.82319212064801,3.4282673975542224,0.6835199908649763,0.0214786004819912,0.662041390382985,higher
lf,0.25,313,frozen_layer_mean_validation,frozen_per_head_validation,frozen_layer_mean_validation_vs_frozen_per_head_validation,7.17451997367391e-06,1.9188669142522485e-07,6.982633282248685e-06,37.38935681461632,3.6213860867714294,0.7981520218507647,0.0206874077853727,0.777464614065392,higher
lf,0.25,314,frozen_layer_mean_validation,frozen_per_head_validation,frozen_layer_mean_validation_vs_frozen_per_head_validation,7.332500414569676e-06,4.4001394560126e-06,2.932360958557076e-06,1.6664245503742232,0.5106803434378487,0.4511289893028385,0.2705156123536035,0.18061337694923502,higher
lf,0.25,315,frozen_layer_mean_validation,frozen_per_head_validation,frozen_layer_mean_validation_vs_frozen_per_head_validation,6.474818291302142e-06,8.103721246474628e-08,6.393781078837396e-06,79.89932148911083,4.380767360735056,0.8283097281833194,0.0098173946962437,0.8184923334870757,higher
lf,0.25,316,frozen_layer_mean_validation,frozen_per_head_validation,frozen_layer_mean_validation_vs_frozen_per_head_validation,7.435560526403151e-06,2.2201313654157678e-07,7.213547389861574e-06,33.49153406969988,3.511292692556055,0.6086631275716597,0.0173090565245552,0.5913540710471046,higher
lf,0.25,317,frozen_layer_mean_validation,frozen_per_head_validation,frozen_layer_mean_validation_vs_frozen_per_head_validation,4.857758238330234e-06,7.45993454995264e-08,4.783158892830708e-06,65.11797396883426,4.176200608938087,0.4885521563096491,0.0068985083342871,0.481653647975362,higher
lf,0.25,318,frozen_layer_mean_validation,frozen_per_head_validation,frozen_layer_mean_validation_vs_frozen_per_head_validation,8.984924332988697e-06,2.135463811198113e-07,8.771377951868886e-06,42.07481431374695,3.739449326846619,0.6476316392370861,0.0149654594248433,0.6326661798122428,higher
lf,0.25,319,frozen_layer_mean_validation,frozen_per_head_validation,frozen_layer_mean_validation_vs_frozen_per_head_validation,5.8979758410515615e-06,1.5802581468382648e-07,5.739950026367735e-06,37.32286305786217,3.619606089485198,0.5048269008035988,0.0131100922905847,0.49171680851301414,higher
lf,0.25,300,frozen_per_head_validation,original,frozen_per_head_validation_vs_original,7.485017345706252e-07,7.213935867070309e-09,7.412877987035549e-07,103.75774727736848,4.642058828875901,0.0752076551693466,0.0,0.0752076551693466,higher
lf,0.25,301,frozen_per_head_validation,original,frozen_per_head_validation_vs_original,1.17259678369952e-07,5.9853874703752474e-09,1.1127429089957676e-07,19.59099205361897,2.975069871491958,0.0088042054380779,0.0,0.0088042054380779,higher
lf,0.25,302,frozen_per_head_validation,original,frozen_per_head_validation_vs_original,1.046659946490891e-07,7.292611632625512e-09,9.737338301646359e-08,14.352333556450047,2.6639125461591098,0.0121564779012813,0.0,0.0121564779012813,higher
lf,0.25,303,frozen_per_head_validation,original,frozen_per_head_validation_vs_original,1.3019082809734297e-07,5.328216931901886e-09,1.248626111654411e-07,24.434220633519114,3.1959846347159675,0.0089482469214655,0.0,0.0089482469214655,higher
lf,0.25,304,frozen_per_head_validation,original,frozen_per_head_validation_vs_original,1.272924170271639e-07,3.3839160085147313e-09,1.2390850101864917e-07,37.616896136566666,3.6274533147957033,0.011647916782664,0.0,0.011647916782664,higher
lf,0.25,305,frozen_per_head_validation,original,frozen_per_head_validation_vs_original,1.4747912467465154e-07,3.762450998326394e-09,1.4371667367632515e-07,39.197620046148884,3.668616031844855,0.0162793268788268,0.0,0.0162793268788268,higher
lf,0.25,306,frozen_per_head_validation,original,frozen_per_head_validation_vs_original,9.156607313695608e-08,4.771325910757351e-09,8.679474722619873e-08,19.19090727600744,2.9544365874849943,0.0138737809098892,0.0,0.0138737809098892,higher
lf,0.25,307,frozen_per_head_validation,original,frozen_per_head_validation_vs_original,1.6005669188981497e-07,8.239387498665263e-09,1.518173043911497e-07,19.42579978375132,2.966602068314821,0.0102953145596701,0.0,0.0102953145596701,higher
lf,0.25,308,frozen_per_head_validation,original,frozen_per_head_validation_vs_original,1.1175972019702997e-07,3.7232315459878595e-09,1.0803648865104211e-07,30.01686003586369,3.4017592249940836,0.0113903880309535,0.0,0.0113903880309535,higher
lf,0.25,309,frozen_per_head_validation,original,frozen_per_head_validation_vs_original,7.274349653023372e-08,3.670845315217885e-09,6.907265121501584e-08,19.816551852149072,2.9865175406158535,0.0078130301187078,0.0,0.0078130301187078,higher
lf,0.25,310,frozen_per_head_validation,original,frozen_per_head_validation_vs_original,5.4713366214390053e-08,4.5782245234465835e-09,5.013514169094347e-08,11.950782652573073,2.480796770172055,0.0046210056412302,0.0,0.0046210056412302,higher
lf,0.25,311,frozen_per_head_validation,original,frozen_per_head_validation_vs_original,2.0118380302663885e-07,5.739705028103004e-09,1.9544409799853585e-07,35.051244278511454,3.5568111129506694,0.0199940077240133,0.0,0.0199940077240133,higher
lf,0.25,312,frozen_per_head_validation,original,frozen_per_head_validation_vs_original,2.917565801625888e-07,9.4664956342555e-09,2.822900845283333e-07,30.819913876771594,3.4281610354938925,0.0214786004819912,0.0,0.0214786004819912,higher
lf,0.25,313,frozen_per_head_validation,original,frozen_per_head_validation_vs_original,1.9188669142522485e-07,6.087132818632934e-09,1.8579955860659192e-07,31.52332915060646,3.4507278796726086,0.0206874077853727,0.0,0.0206874077853727,higher
lf,0.25,314,frozen_per_head_validation,original,frozen_per_head_validation_vs_original,4.4001394560126e-06,8.164543939363778e-09,4.391974912073236e-06,538.932668951437,6.289590644648592,0.2705156123536035,0.0,0.2705156123536035,higher
lf,0.25,315,frozen_per_head_validation,original,frozen_per_head_validation_vs_original,8.103721246474628e-08,4.347095912404786e-09,7.66901165523415e-08,18.641689554973958,2.925400446511029,0.0098173946962437,0.0,0.0098173946962437,higher
lf,0.25,316,frozen_per_head_validation,original,frozen_per_head_validation_vs_original,2.2201313654157678e-07,1.0871105689258533e-08,2.1114203085231825e-07,20.422314241774174,3.016628138429229,0.0173090565245552,0.0,0.0173090565245552,higher
lf,0.25,317,frozen_per_head_validation,original,frozen_per_head_validation_vs_original,7.45993454995264e-08,6.092314305816693e-09,6.850703119370971e-08,12.244828771933516,2.5051037067974606,0.0068985083342871,0.0,0.0068985083342871,higher
lf,0.25,318,frozen_per_head_validation,original,frozen_per_head_validation_vs_original,2.135463811198113e-07,6.063027295499791e-09,2.0748335382431152e-07,35.22108193019575,3.5616448217954333,0.0149654594248433,0.0,0.0149654594248433,higher
lf,0.25,319,frozen_per_head_validation,original,frozen_per_head_validation_vs_original,1.5802581468382648e-07,4.987982162724114e-09,1.5303783252110237e-07,31.681311105074798,3.4557269519823652,0.0131100922905847,0.0,0.0131100922905847,higher
lf,0.4,300,analytical_stencil,frozen_per_head_validation,analytical_stencil_vs_frozen_per_head_validation,0.000470241473522,1.834123418475997e-06,0.00046840735010352403,256.3848587205387,5.546679669950764,20.79915418781141,0.0807883661584803,20.71836582165293,higher
lf,0.4,301,analytical_stencil,frozen_per_head_validation,analytical_stencil_vs_frozen_per_head_validation,2.7758236058161856e-05,1.9153104642566365e-07,2.7566705011736192e-05,144.92812823917444,4.976237952220884,0.9812299731836672,0.0062185697906559,0.9750114033930113,higher
lf,0.4,302,analytical_stencil,frozen_per_head_validation,analytical_stencil_vs_frozen_per_head_validation,7.611035834997892e-05,1.7677076101507705e-07,7.593358758896385e-05,430.559657677139,6.065085891914036,3.970235190963477,0.0088278453906037,3.9614073455728733,higher
lf,0.4,303,analytical_stencil,frozen_per_head_validation,analytical_stencil_vs_frozen_per_head_validation,4.054650537455018e-05,2.913515474295414e-07,4.025515382712064e-05,139.16694705167367,4.935674270363336,1.2666295908577416,0.0087857428279558,1.2578438480297858,higher
lf,0.4,304,analytical_stencil,frozen_per_head_validation,analytical_stencil_vs_frozen_per_head_validation,2.947706923350779e-05,2.421928998568024e-07,2.923487633365099e-05,121.70905609097638,4.801633410462229,1.180009821829405,0.0093746111251887,1.1706352107042164,higher
lf,0.4,305,analytical_stencil,frozen_per_head_validation,analytical_stencil_vs_frozen_per_head_validation,2.008271812314888e-05,1.2916965224513133e-07,1.9953548470903748e-05,155.47551436491415,5.046488255329321,0.9441361986957568,0.0057965063039442,0.9383396923918126,higher
lf,0.4,306,analytical_stencil,frozen_per_head_validation,analytical_stencil_vs_frozen_per_head_validation,1.5418236088748927e-05,6.601113191218727e-08,1.535222495683674e-05,233.5702425048455,5.453482856302242,0.9764206391754858,0.0038557478886887,0.9725648912867971,higher
lf,0.4,307,analytical_stencil,frozen_per_head_validation,analytical_stencil_vs_frozen_per_head_validation,3.611102027889501e-05,4.348040189422475e-07,3.5676216259952764e-05,83.05125690131081,4.419457970217037,1.0575960408302312,0.0123863919352352,1.045209648894996,higher
lf,0.4,308,analytical_stencil,frozen_per_head_validation,analytical_stencil_vs_frozen_per_head_validation,2.3605887548683316e-05,2.9617528904402057e-07,2.3309712259639296e-05,79.70242090377354,4.378299960539037,1.0279542610326926,0.0126142333471386,1.015340027685554,higher
lf,0.4,309,analytical_stencil,frozen_per_head_validation,analytical_stencil_vs_frozen_per_head_validation,2.1826558054272027e-05,2.581465682188755e-07,2.1568411486053152e-05,84.55102930427445,4.437355249182663,1.0393875720286592,0.0118293318422715,1.0275582401863876,higher
lf,0.4,310,analytical_stencil,frozen_per_head_validation,analytical_stencil_vs_frozen_per_head_validation,2.356634090716625e-05,1.2300919988161854e-07,2.344333170728463e-05,191.58193801639226,5.255315591867627,0.9434942924828192,0.0045792853069614,0.9389150071758579,higher
lf,0.4,311,analytical_stencil,frozen_per_head_validation,analytical_stencil_vs_frozen_per_head_validation,3.5781742553808726e-05,6.477504584240235e-07,3.51339920953847e-05,55.24001116242463,4.0116875306124795,1.5467005501645403,0.0275275345794977,1.5191730155850427,higher
lf,0.4,312,analytical_stencil,frozen_per_head_validation,analytical_stencil_vs_frozen_per_head_validation,4.827503289561719e-05,1.656612658648693e-07,4.810937162975232e-05,291.4080889312736,5.674724652234015,1.592191612832353,0.0050953359334628,1.58709627689889,higher
lf,0.4,313,analytical_stencil,frozen_per_head_validation,analytical_stencil_vs_frozen_per_head_validation,3.2840090561592206e-05,4.535757491819226e-07,3.238651481241028e-05,72.4026595796252,4.282243033242184,1.485286445505161,0.0192750382817964,1.4660114072233648,higher
lf,0.4,314,analytical_stencil,frozen_per_head_validation,analytical_stencil_vs_frozen_per_head_validation,3.8806966955462485e-05,2.956247820151692e-07,3.8511342173447316e-05,131.2710209574758,4.877264048323547,1.079565260237108,0.0079308695844919,1.071634390652616,higher
lf,0.4,315,analytical_stencil,frozen_per_head_validation,analytical_stencil_vs_frozen_per_head_validation,1.9080856205278e-05,2.0019026017448205e-07,1.8880665945103518e-05,95.31360910689403,4.557172603265374,1.0032514925040834,0.0101060054317756,0.9931454870723078,higher
lf,0.4,316,analytical_stencil,frozen_per_head_validation,analytical_stencil_vs_frozen_per_head_validation,3.858619538732455e-05,3.742222797753492e-07,3.82119731075492e-05,103.11036374020375,4.635799907214482,1.3657036035729244,0.0118694039443841,1.3538341996285403,higher
lf,0.4,317,analytical_stencil,frozen_per_head_validation,analytical_stencil_vs_frozen_per_head_validation,2.3394048071168072e-05,4.351341878205961e-07,2.2958913883347476e-05,53.76283621459166,3.984582451791145,0.9799151332100536,0.01715949192605,0.9627556412840036,higher
lf,0.4,318,analytical_stencil,frozen_per_head_validation,analytical_stencil_vs_frozen_per_head_validation,3.578352925615036e-05,1.41289883306972e-07,3.564223937284339e-05,253.26320907496006,5.5344293000112845,1.1280524332949495,0.0041621017767503,1.1238903315181992,higher
lf,0.4,319,analytical_stencil,frozen_per_head_validation,analytical_stencil_vs_frozen_per_head_validation,2.5459474779054855e-05,4.37198615921286e-08,2.5415754917462726e-05,582.3320077399015,6.367040745115162,0.9320941805525632,0.0012954582235362,0.930798722329027,higher
lf,0.4,300,frozen_layer_mean_validation,frozen_per_head_validation,frozen_layer_mean_validation_vs_frozen_per_head_validation,6.799885567954078e-06,1.834123418475997e-06,4.965762149478081e-06,3.707430753817109,1.3103391175304044,0.3004315395063322,0.0807883661584803,0.21964317334785194,higher
lf,0.4,301,frozen_layer_mean_validation,frozen_per_head_validation,frozen_layer_mean_validation_vs_frozen_per_head_validation,2.3530347682765296e-05,1.9153104642566365e-07,2.3338816636339632e-05,122.85396086893834,4.810996339952841,0.8316930816135865,0.0062185697906559,0.8254745118229305,higher
lf,0.4,302,frozen_layer_mean_validation,frozen_per_head_validation,frozen_layer_mean_validation_vs_frozen_per_head_validation,1.1285041485287197e-05,1.7677076101507705e-07,1.110827072427212e-05,63.83997794932092,4.1563796077361195,0.5883393190476083,0.0088278453906037,0.5795114736570046,higher
lf,0.4,303,frozen_layer_mean_validation,frozen_per_head_validation,frozen_layer_mean_validation_vs_frozen_per_head_validation,2.479955124101707e-05,2.913515474295414e-07,2.450819969358753e-05,85.11899613992762,4.444050232054895,0.7745880135944758,0.0087857428279558,0.76580227076652,higher
lf,0.4,304,frozen_layer_mean_validation,frozen_per_head_validation,frozen_layer_mean_validation_vs_frozen_per_head_validation,1.0566878955842183e-05,2.421928998568024e-07,1.0324686055985381e-05,43.630011293022605,3.7757452459716663,0.4228000314575183,0.0093746111251887,0.4134254203323296,higher
lf,0.4,305,frozen_layer_mean_validation,frozen_per_head_validation,frozen_layer_mean_validation_vs_frozen_per_head_validation,1.8659955578925747e-05,1.2916965224513133e-07,1.8530785926680615e-05,144.4608331337292,4.973008419833879,0.8772290733771864,0.0057965063039442,0.8714325670732421,higher
lf,0.4,306,frozen_layer_mean_validation,frozen_per_head_validation,frozen_layer_mean_validation_vs_frozen_per_head_validation,1.195419310029422e-05,6.601113191218727e-08,1.1888181968382032e-05,181.09359367139078,5.199013989726903,0.7569731908771895,0.0038557478886887,0.7531174429885008,higher
lf,0.4,307,frozen_layer_mean_validation,frozen_per_head_validation,frozen_layer_mean_validation_vs_frozen_per_head_validation,2.9528545979928825e-05,4.348040189422475e-07,2.9093741960986578e-05,67.91231150936287,4.218217336381249,0.8647486379343756,0.0123863919352352,0.8523622459991405,higher
lf,0.4,308,frozen_layer_mean_validation,frozen_per_head_validation,frozen_layer_mean_validation_vs_frozen_per_head_validation,2.002974319026407e-05,2.9617528904402057e-07,1.973356790122005e-05,67.62800250795753,4.214022135559322,0.8721821746405322,0.0126142333471386,0.8595679412933935,higher
lf,0.4,309,frozen_layer_mean_validation,frozen_per_head_validation,frozen_layer_mean_validation_vs_frozen_per_head_validation,1.94063121732313e-05,2.581465682188755e-07,1.9148165605012424e-05,75.1755574638405,4.319826144395359,0.9240826688396272,0.0118293318422715,0.9122533369973557,higher
lf,0.4,310,frozen_layer_mean_validation,frozen_per_head_validation,frozen_layer_mean_validation_vs_frozen_per_head_validation,2.132497913187592e-05,1.2300919988161854e-07,2.1201969931994302e-05,173.36084741953147,5.1553752454229596,0.8537268381974502,0.0045792853069614,0.8491475528904888,higher
lf,0.4,311,frozen_layer_mean_validation,frozen_per_head_validation,frozen_layer_mean_validation_vs_frozen_per_head_validation,1.951274846589968e-05,6.477504584240235e-07,1.8864998007475656e-05,30.12386670227017,3.405317771261521,0.8432388785741176,0.0275275345794977,0.8157113439946199,higher
lf,0.4,312,frozen_layer_mean_validation,frozen_per_head_validation,frozen_layer_mean_validation_vs_frozen_per_head_validation,2.7973652923840572e-05,1.656612658648693e-07,2.7807991657975702e-05,168.8605527538273,5.129073242680431,0.9224625459660886,0.0050953359334628,0.9173672100326258,higher
lf,0.4,313,frozen_layer_mean_validation,frozen_per_head_validation,frozen_layer_mean_validation_vs_frozen_per_head_validation,1.781281304591431e-05,4.535757491819226e-07,1.7359237296732388e-05,39.27196962809811,3.6705110233825176,0.8050601110230954,0.0192750382817964,0.7857850727412989,higher
lf,0.4,314,frozen_layer_mean_validation,frozen_per_head_validation,frozen_layer_mean_validation_vs_frozen_per_head_validation,2.3219923496853312e-05,2.956247820151692e-07,2.2924298714838143e-05,78.5452536778931,4.363674938660776,0.6458329913483014,0.0079308695844919,0.6379021217638096,higher
lf,0.4,315,frozen_layer_mean_validation,frozen_per_head_validation,frozen_layer_mean_validation_vs_frozen_per_head_validation,1.652777785920989e-05,2.0019026017448205e-07,1.632758759903541e-05,82.56034956348321,4.413529535778107,0.8689565346402088,0.0101060054317756,0.8588505292084332,higher
lf,0.4,316,frozen_layer_mean_validation,frozen_per_head_validation,frozen_layer_mean_validation_vs_frozen_per_head_validation,2.1853764110346677e-05,3.742222797753492e-07,2.1479541830571328e-05,58.39781672931337,4.067278504363322,0.7728805728974538,0.0118694039443841,0.7610111689530697,higher
lf,0.4,317,frozen_layer_mean_validation,frozen_per_head_validation,frozen_layer_mean_validation_vs_frozen_per_head_validation,1.825674735300709e-05,4.351341878205961e-07,1.7821613165186493e-05,41.95659146997263,3.7366355473870776,0.7644883376520437,0.01715949192605,0.7473288457259937,higher
lf,0.4,318,frozen_layer_mean_validation,frozen_per_head_validation,frozen_layer_mean_validation_vs_frozen_per_head_validation,2.3727730081191112e-05,1.41289883306972e-07,2.358644019788414e-05,167.93651127617753,5.1235859989072585,0.7479024660124401,0.0041621017767503,0.7437403642356899,higher
lf,0.4,319,frozen_layer_mean_validation,frozen_per_head_validation,frozen_layer_mean_validation_vs_frozen_per_head_validation,1.903582799345216e-05,4.37198615921286e-08,1.899210813186003e-05,435.4045804408357,6.076275668820527,0.6968415886012692,0.0012954582235362,0.695546130377733,higher
lf,0.4,300,frozen_per_head_validation,original,frozen_per_head_validation_vs_original,1.834123418475997e-06,7.634551678348256e-09,1.8264888667976487e-06,240.23983276943534,5.481637727576911,0.0807883661584803,0.0,0.0807883661584803,higher
lf,0.4,301,frozen_per_head_validation,original,frozen_per_head_validation_vs_original,1.9153104642566365e-07,1.5712098649922623e-08,1.7581894777574103e-07,12.19003588846528,2.5006188875795172,0.0062185697906559,0.0,0.0062185697906559,higher
lf,0.4,302,frozen_per_head_validation,original,frozen_per_head_validation_vs_original,1.7677076101507705e-07,7.555653172564014e-09,1.6921510784251304e-07,23.39582786263465,3.152557709998346,0.0088278453906037,0.0,0.0088278453906037,higher
lf,0.4,303,frozen_per_head_validation,original,frozen_per_head_validation_vs_original,2.913515474295414e-07,1.0178785342374042e-08,2.8117276208716735e-07,28.62341012504231,3.35422491884868,0.0087857428279558,0.0,0.0087857428279558,higher
lf,0.4,304,frozen_per_head_validation,original,frozen_per_head_validation_vs_original,2.421928998568024e-07,8.075905583160292e-09,2.3411699427364213e-07,29.9895655493816,3.4008495061398683,0.0093746111251887,0.0,0.0093746111251887,higher
lf,0.4,305,frozen_per_head_validation,original,frozen_per_head_validation_vs_original,1.2916965224513133e-07,5.9084596989306135e-09,1.2326119254620072e-07,21.861814893737883,3.084741502803408,0.0057965063039442,0.0,0.0057965063039442,higher
lf,0.4,306,frozen_per_head_validation,original,frozen_per_head_validation_vs_original,6.601113191218727e-08,5.147009122727364e-09,6.086412278945991e-08,12.825143755954416,2.5514076000352923,0.0038557478886887,0.0,0.0038557478886887,higher
lf,0.4,307,frozen_per_head_validation,original,frozen_per_head_validation_vs_original,4.348040189422475e-07,1.2018410495973077e-08,4.2278560844627444e-07,36.17816341752798,3.588455716310758,0.0123863919352352,0.0,0.0123863919352352,higher
lf,0.4,308,frozen_per_head_validation,original,frozen_per_head_validation_vs_original,2.9617528904402057e-07,6.583485628181007e-09,2.8959180341583957e-07,44.98761078420592,3.8063871359574026,0.0126142333471386,0.0,0.0126142333471386,higher
lf,0.4,309,frozen_per_head_validation,original,frozen_per_head_validation_vs_original,2.581465682188755e-07,9.849307001930097e-09,2.482972612169454e-07,26.209617404380673,3.2661264199140336,0.0118293318422715,0.0,0.0118293318422715,higher
lf,0.4,310,frozen_per_head_validation,original,frozen_per_head_validation_vs_original,1.2300919988161854e-07,8.671156914025202e-09,1.1433804296759334e-07,14.18601936295914,2.652256927713345,0.0045792853069614,0.0,0.0045792853069614,higher
lf,0.4,311,frozen_per_head_validation,original,frozen_per_head_validation_vs_original,6.477504584240235e-07,1.1119757115096718e-08,6.366307013089267e-07,58.25221286035162,4.064782080743157,0.0275275345794977,0.0,0.0275275345794977,higher
lf,0.4,312,frozen_per_head_validation,original,frozen_per_head_validation_vs_original,1.656612658648693e-07,1.1207239622446076e-08,1.5445402624242321e-07,14.78162968275254,2.6933851721447195,0.0050953359334628,0.0,0.0050953359334628,higher
lf,0.4,313,frozen_per_head_validation,original,frozen_per_head_validation_vs_original,4.535757491819226e-07,2.7759613135946992e-08,4.258161360459756e-07,16.33941175479027,2.793580088464997,0.0192750382817964,0.0,0.0192750382817964,higher
lf,0.4,314,frozen_per_head_validation,original,frozen_per_head_validation_vs_original,2.956247820151692e-07,1.0612995378356251e-08,2.850117866368129e-07,27.85498075482586,3.3270117925669886,0.0079308695844919,0.0,0.0079308695844919,higher
lf,0.4,315,frozen_per_head_validation,original,frozen_per_head_validation_vs_original,2.0019026017448205e-07,8.065224033765306e-09,1.9212503614071674e-07,24.821413433325525,3.2117067255089915,0.0101060054317756,0.0,0.0101060054317756,higher
lf,0.4,316,frozen_per_head_validation,original,frozen_per_head_validation_vs_original,3.742222797753492e-07,3.920832869486191e-08,3.350139510804873e-07,9.544458849233976,2.2559607608857477,0.0118694039443841,0.0,0.0118694039443841,higher
lf,0.4,317,frozen_per_head_validation,original,frozen_per_head_validation_vs_original,4.351341878205961e-07,2.593035611231365e-08,4.0920383170828245e-07,16.780879750971188,2.820240128208903,0.01715949192605,0.0,0.01715949192605,higher
lf,0.4,318,frozen_per_head_validation,original,frozen_per_head_validation_vs_original,1.41289883306972e-07,9.296019082977171e-09,1.3199386422399484e-07,15.198966573304633,2.7212274369425216,0.0041621017767503,0.0,0.0041621017767503,higher
lf,0.4,319,frozen_per_head_validation,original,frozen_per_head_validation_vs_original,4.37198615921286e-08,8.346963106808936e-09,3.5372898485319666e-08,5.2378165606679925,1.6559047245994214,0.0012954582235362,0.0,0.0012954582235362,higher
